id,seat,area,incumbent,conservative,labour,libdems,ukip,green,snp,plaidcymru,other,sinnfein,sdlp,uu,dup,alliance,change,party,majority,majority2010
377,Morecambe and Lunesdale,northwestengland,conservative,38.56,41.89,2.55,13.59,3.38,0.0,0.0,0.03,0.0,0.0,0.0,0.0,0.0,yes,labour,3.34,1.99
407,North East Hertfordshire,eastofengland,conservative,52.39,23.37,7.53,12.34,4.24,0.0,0.0,0.12,0.0,0.0,0.0,0.0,0.0,no,conservative,29.01,30.13
62,Blaydon,northeastengland,labour,14.31,54.23,13.02,12.73,3.91,0.0,0.0,1.8,0.0,0.0,0.0,0.0,0.0,no,labour,39.93,20.3
573,Thornbury and Yate,southwestengland,libdems,32.87,12.0,37.4,13.49,4.17,0.0,0.0,0.06,0.0,0.0,0.0,0.0,0.0,no,libdems,4.53,14.76
506,South Antrim,northernireland,dup,0.0,0.0,0.0,0.0,0.0,0.0,0.0,8.86,13.16,7.92,27.2,35.4,7.46,no,dup,8.21,3.48
36,Belfast North,northernireland,dup,0.0,0.0,0.0,0.0,0.0,0.0,0.0,2.65,33.27,11.47,5.94,41.95,4.73,no,dup,8.67,6.01
226,Fermanagh and South Tyrone,northernireland,sinnfein,0.0,0.0,0.0,0.0,0.0,0.0,0.0,52.0,40.9,6.34,0.0,0.0,0.76,yes,other,11.1,0.01
103,Bury St. Edmunds,eastofengland,conservative,47.47,24.08,10.2,12.84,5.39,0.0,0.0,0.03,0.0,0.0,0.0,0.0,0.0,no,conservative,23.4,21.08
299,Ipswich,eastofengland,conservative,32.79,39.39,3.27,16.85,6.22,0.0,0.0,1.49,0.0,0.0,0.0,0.0,0.0,yes,labour,6.6,4.43
120,Castle Point,eastofengland,conservative,42.6,18.86,3.19,28.41,2.45,0.0,0.0,4.5,0.0,0.0,0.0,0.0,0.0,no,conservative,14.18,16.95
468,Rochdale,northwestengland,labour,17.54,44.25,17.65,15.07,3.11,0.0,0.0,2.39,0.0,0.0,0.0,0.0,0.0,no,labour,26.6,1.94
381,Neath,wales,labour,10.39,52.7,3.48,10.59,3.22,0.0,18.36,1.26,0.0,0.0,0.0,0.0,0.0,no,labour,34.34,26.33
324,Leeds West,yorkshireandthehumber,labour,18.13,47.76,9.9,14.96,6.51,0.0,0.0,2.74,0.0,0.0,0.0,0.0,0.0,no,labour,29.62,18.1
515,South Leicestershire,eastmidlands,conservative,44.44,23.08,9.0,16.2,5.14,0.0,0.0,2.13,0.0,0.0,0.0,0.0,0.0,no,conservative,21.36,28.44
17,Ashton-under-Lyne,northwestengland,labour,23.34,55.31,3.56,11.97,2.91,0.0,0.0,2.91,0.0,0.0,0.0,0.0,0.0,no,labour,31.97,23.66
217,Epsom and Ewell,southeastengland,conservative,55.87,17.74,13.21,9.74,3.37,0.0,0.0,0.08,0.0,0.0,0.0,0.0,0.0,no,conservative,38.13,29.36
594,Walsall North,westmidlands,labour,29.63,41.45,3.67,15.91,2.74,0.0,0.0,6.59,0.0,0.0,0.0,0.0,0.0,no,labour,11.82,2.74
443,Penistone and Stocksbridge,yorkshireandthehumber,labour,30.57,45.57,8.18,10.86,2.18,0.0,0.0,2.64,0.0,0.0,0.0,0.0,0.0,no,labour,14.99,6.55
382,New Forest East,southeastengland,conservative,50.94,14.62,15.45,14.64,4.32,0.0,0.0,0.03,0.0,0.0,0.0,0.0,0.0,no,conservative,35.48,22.6
136,Chipping Barnet,london,conservative,46.65,26.16,9.18,12.16,5.73,0.0,0.0,0.14,0.0,0.0,0.0,0.0,0.0,no,conservative,20.49,23.57
309,Kilmarnock and Loudoun,scotland,labour,13.17,33.39,0.99,3.68,1.65,47.09,0.0,0.03,0.0,0.0,0.0,0.0,0.0,yes,snp,13.71,26.59
308,Kettering,eastmidlands,conservative,43.17,31.72,5.25,14.03,3.67,0.0,0.0,2.15,0.0,0.0,0.0,0.0,0.0,no,conservative,11.45,19.21
436,Orkney and Shetland,scotland,libdems,11.99,3.41,47.91,3.63,3.41,29.58,0.0,0.08,0.0,0.0,0.0,0.0,0.0,no,libdems,18.33,51.32
1,Aberavon,wales,labour,11.31,57.98,4.19,11.73,3.53,0.0,6.26,5.01,0.0,0.0,0.0,0.0,0.0,no,labour,46.25,35.66
474,Rossendale and Darwen,northwestengland,conservative,40.46,36.12,5.51,12.72,4.37,0.0,0.0,0.82,0.0,0.0,0.0,0.0,0.0,no,conservative,4.34,9.53
11,Angus,scotland,snp,26.24,6.11,1.34,4.39,2.09,59.81,0.0,0.03,0.0,0.0,0.0,0.0,0.0,no,snp,33.57,8.65
623,Westmorland and Lonsdale,northwestengland,libdems,34.91,3.51,42.22,12.77,6.52,0.0,0.0,0.07,0.0,0.0,0.0,0.0,0.0,no,libdems,7.3,23.82
504,Solihull,westmidlands,libdems,37.65,10.67,30.08,14.87,5.51,0.0,0.0,1.22,0.0,0.0,0.0,0.0,0.0,yes,conservative,7.57,0.32
581,Totnes,southwestengland,conservative,46.37,13.61,21.97,10.76,5.96,0.0,0.0,1.34,0.0,0.0,0.0,0.0,0.0,no,conservative,24.4,10.3
234,Garston and Halewood,northwestengland,labour,15.25,67.68,7.08,7.7,2.21,0.0,0.0,0.09,0.0,0.0,0.0,0.0,0.0,no,labour,52.43,39.41
602,Warwick and Leamington,westmidlands,conservative,36.92,36.03,7.03,12.16,7.8,0.0,0.0,0.06,0.0,0.0,0.0,0.0,0.0,no,conservative,0.89,7.16
132,Chesterfield,eastmidlands,labour,13.55,45.68,22.5,13.15,4.26,0.0,0.0,0.86,0.0,0.0,0.0,0.0,0.0,no,labour,23.18,1.2
183,Dundee West,scotland,labour,7.79,29.71,2.73,2.19,3.0,54.03,0.0,0.54,0.0,0.0,0.0,0.0,0.0,yes,snp,24.32,19.6
221,Exeter,southwestengland,labour,25.62,45.5,7.3,11.97,8.09,0.0,0.0,1.52,0.0,0.0,0.0,0.0,0.0,no,labour,19.88,5.21
270,Harwich and North Essex,eastofengland,conservative,49.38,29.73,8.53,8.06,3.08,0.0,0.0,1.22,0.0,0.0,0.0,0.0,0.0,no,conservative,19.65,23.36
90,Bristol North West,southwestengland,conservative,34.41,35.02,16.38,6.19,7.75,0.0,0.0,0.25,0.0,0.0,0.0,0.0,0.0,yes,labour,0.61,6.5
4,Aberdeen South,scotland,labour,22.29,25.18,12.95,4.12,2.93,31.16,0.0,1.36,0.0,0.0,0.0,0.0,0.0,yes,snp,5.98,8.15
210,Edmonton,london,labour,27.22,55.67,2.65,10.13,3.82,0.0,0.0,0.52,0.0,0.0,0.0,0.0,0.0,no,labour,28.46,23.81
279,Hereford and South Herefordshire,westmidlands,conservative,43.79,9.25,24.77,14.83,7.04,0.0,0.0,0.32,0.0,0.0,0.0,0.0,0.0,no,conservative,19.02,5.13
402,North East Bedfordshire,eastofengland,conservative,54.46,22.94,6.24,11.64,3.81,0.0,0.0,0.91,0.0,0.0,0.0,0.0,0.0,no,conservative,31.51,34.1
493,Sheffield Central,yorkshireandthehumber,labour,9.23,47.24,21.95,13.53,7.73,0.0,0.0,0.33,0.0,0.0,0.0,0.0,0.0,no,labour,25.29,0.4
631,Witham,eastofengland,conservative,54.21,27.28,5.81,9.85,2.82,0.0,0.0,0.04,0.0,0.0,0.0,0.0,0.0,no,conservative,26.93,32.45
202,Eastbourne,southeastengland,libdems,37.48,8.06,33.47,14.42,3.58,0.0,0.0,2.99,0.0,0.0,0.0,0.0,0.0,yes,conservative,4.02,6.59
283,Heywood and Middleton,northwestengland,labour,25.61,46.56,8.63,14.49,2.99,0.0,0.0,1.72,0.0,0.0,0.0,0.0,0.0,no,labour,20.95,2.17
114,Cardiff South and Penarth,wales,labour,24.71,46.21,8.45,9.73,6.58,0.0,3.72,0.61,0.0,0.0,0.0,0.0,0.0,no,labour,21.5,27.44
533,Southport,northwestengland,libdems,35.58,12.28,35.07,13.19,3.84,0.0,0.0,0.04,0.0,0.0,0.0,0.0,0.0,yes,conservative,0.51,13.77
67,Bolton South East,northwestengland,labour,23.54,52.82,4.1,15.13,2.89,0.0,0.0,1.52,0.0,0.0,0.0,0.0,0.0,no,labour,29.28,21.8
590,Vale of Glamorgan,wales,conservative,37.92,33.93,5.11,10.41,3.84,0.0,8.23,0.55,0.0,0.0,0.0,0.0,0.0,no,conservative,3.99,8.85
92,Bristol West,southwestengland,libdems,14.9,35.58,33.07,4.02,12.28,0.0,0.0,0.16,0.0,0.0,0.0,0.0,0.0,yes,labour,2.52,20.54
168,Derby North,eastmidlands,labour,26.9,37.13,13.72,15.04,4.83,0.0,0.0,2.37,0.0,0.0,0.0,0.0,0.0,no,labour,10.23,1.36
539,St. Ives,southwestengland,libdems,35.08,13.59,30.6,15.01,5.17,0.0,0.0,0.54,0.0,0.0,0.0,0.0,0.0,yes,conservative,4.48,3.74
541,Staffordshire Moorlands,westmidlands,conservative,41.03,32.6,6.21,16.36,3.76,0.0,0.0,0.03,0.0,0.0,0.0,0.0,0.0,no,conservative,8.43,15.27
462,Redditch,westmidlands,conservative,39.79,33.32,6.68,15.13,3.26,0.0,0.0,1.82,0.0,0.0,0.0,0.0,0.0,no,conservative,6.47,13.22
252,Great Grimsby,yorkshireandthehumber,labour,23.32,32.04,7.37,31.64,2.07,0.0,0.0,3.56,0.0,0.0,0.0,0.0,0.0,no,labour,0.4,2.17
370,Milton Keynes North,southeastengland,conservative,39.25,33.03,8.66,13.09,4.4,0.0,0.0,1.57,0.0,0.0,0.0,0.0,0.0,no,conservative,6.22,16.63
432,Ogmore,wales,labour,12.58,60.25,3.63,10.47,3.22,0.0,8.62,1.23,0.0,0.0,0.0,0.0,0.0,no,labour,47.67,38.23
633,Wolverhampton South West,westmidlands,conservative,36.93,42.04,5.58,12.58,2.78,0.0,0.0,0.09,0.0,0.0,0.0,0.0,0.0,yes,labour,5.11,1.72
442,Pendle,northwestengland,conservative,38.41,35.23,8.03,13.33,2.7,0.0,0.0,2.3,0.0,0.0,0.0,0.0,0.0,no,conservative,3.19,7.96
292,Huddersfield,yorkshireandthehumber,labour,25.42,43.83,9.96,13.34,5.79,0.0,0.0,1.66,0.0,0.0,0.0,0.0,0.0,no,labour,18.41,11.04
141,City of Durham,northeastengland,labour,20.19,58.22,8.17,4.59,7.49,0.0,0.0,1.33,0.0,0.0,0.0,0.0,0.0,no,labour,38.03,29.48
371,Milton Keynes South,southeastengland,conservative,37.12,38.42,5.73,12.68,4.27,0.0,0.0,1.79,0.0,0.0,0.0,0.0,0.0,yes,labour,1.31,9.4
21,Banff and Buchan,scotland,snp,26.15,4.21,1.41,3.5,1.59,61.98,0.0,1.16,0.0,0.0,0.0,0.0,0.0,no,snp,35.83,10.47
466,Richmond (Yorks),yorkshireandthehumber,conservative,64.97,19.37,7.01,6.27,2.31,0.0,0.0,0.07,0.0,0.0,0.0,0.0,0.0,no,conservative,45.6,43.69
207,Edinburgh South,scotland,labour,23.38,23.83,17.32,3.69,7.49,23.31,0.0,0.98,0.0,0.0,0.0,0.0,0.0,no,labour,0.45,0.72
135,Chippenham,southwestengland,libdems,37.03,11.99,32.96,12.77,4.5,0.0,0.0,0.75,0.0,0.0,0.0,0.0,0.0,yes,conservative,4.06,4.72
98,Buckingham,southeastengland,other,0.0,0.0,0.0,0.0,0.0,0.0,0.0,100.0,0.0,0.0,0.0,0.0,0.0,no,other,100.0,26.54
181,"Dumfriesshire, Clydesdale and Tweeddale",scotland,conservative,36.88,18.39,7.91,3.9,1.8,30.34,0.0,0.77,0.0,0.0,0.0,0.0,0.0,no,conservative,6.54,9.14
75,Bradford East,yorkshireandthehumber,libdems,24.44,36.08,21.04,11.37,4.09,0.0,0.0,2.99,0.0,0.0,0.0,0.0,0.0,yes,labour,11.64,0.9
399,North Dorset,southwestengland,conservative,51.03,10.49,22.68,11.99,3.75,0.0,0.0,0.06,0.0,0.0,0.0,0.0,0.0,no,conservative,28.35,14.08
258,Halesowen and Rowley Regis,westmidlands,conservative,37.63,38.92,5.61,13.87,2.83,0.0,0.0,1.14,0.0,0.0,0.0,0.0,0.0,yes,labour,1.29,4.6
552,Stourbridge,westmidlands,conservative,39.24,35.01,5.94,14.97,3.28,0.0,0.0,1.55,0.0,0.0,0.0,0.0,0.0,no,conservative,4.23,10.93
31,Battersea,london,conservative,45.32,36.1,5.33,8.75,4.41,0.0,0.0,0.1,0.0,0.0,0.0,0.0,0.0,no,conservative,9.21,12.25
144,Clwyd South,wales,labour,26.49,45.73,5.02,10.65,3.11,0.0,8.0,1.0,0.0,0.0,0.0,0.0,0.0,no,labour,19.24,8.17
284,High Peak,eastmidlands,conservative,37.5,35.83,9.39,10.67,6.06,0.0,0.0,0.55,0.0,0.0,0.0,0.0,0.0,no,conservative,1.67,9.29
577,Tooting,london,labour,36.31,46.97,5.49,5.86,5.26,0.0,0.0,0.11,0.0,0.0,0.0,0.0,0.0,no,labour,10.67,4.98
542,Stalybridge and Hyde,northwestengland,labour,31.82,46.96,5.08,11.72,2.85,0.0,0.0,1.58,0.0,0.0,0.0,0.0,0.0,no,labour,15.14,6.71
177,Dudley North,westmidlands,labour,31.46,42.29,2.54,17.98,3.09,0.0,0.0,2.65,0.0,0.0,0.0,0.0,0.0,no,labour,10.83,1.68
438,Oxford East,southeastengland,labour,14.58,48.07,15.46,6.93,14.91,0.0,0.0,0.05,0.0,0.0,0.0,0.0,0.0,no,labour,32.61,8.87
507,South Basildon and East Thurrock,eastofengland,conservative,35.19,30.52,3.33,21.77,6.79,0.0,0.0,2.4,0.0,0.0,0.0,0.0,0.0,no,conservative,4.67,12.9
113,Cardiff North,wales,conservative,33.88,41.83,5.76,9.26,6.21,0.0,2.96,0.11,0.0,0.0,0.0,0.0,0.0,yes,labour,7.95,0.41
347,Luton South,eastofengland,labour,26.29,46.25,6.62,10.74,3.0,0.0,0.0,7.1,0.0,0.0,0.0,0.0,0.0,no,labour,19.95,5.52
108,Camborne and Redruth,southwestengland,conservative,33.89,23.54,20.8,15.55,5.36,0.0,0.0,0.86,0.0,0.0,0.0,0.0,0.0,no,conservative,10.35,0.16
9,Alyn and Deeside,wales,labour,27.82,46.04,5.6,12.74,3.28,0.0,3.37,1.14,0.0,0.0,0.0,0.0,0.0,no,labour,18.22,7.31
500,Sittingbourne and Sheppey,southeastengland,conservative,37.13,25.22,3.73,28.73,3.53,0.0,0.0,1.66,0.0,0.0,0.0,0.0,0.0,no,conservative,8.39,25.49
150,Copeland,northwestengland,labour,34.33,51.47,1.47,10.33,1.91,0.0,0.0,0.5,0.0,0.0,0.0,0.0,0.0,no,labour,17.14,8.96
586,Tynemouth,northeastengland,labour,31.17,49.36,3.73,11.46,3.89,0.0,0.0,0.38,0.0,0.0,0.0,0.0,0.0,no,labour,18.19,10.9
394,"Normanton, Pontefract and Castleford",yorkshireandthehumber,labour,22.55,53.96,4.5,10.63,2.2,0.0,0.0,6.17,0.0,0.0,0.0,0.0,0.0,no,labour,31.41,23.74
393,Newton Abbot,southwestengland,conservative,39.96,12.1,25.02,17.02,5.88,0.0,0.0,0.03,0.0,0.0,0.0,0.0,0.0,no,conservative,14.94,1.08
291,Hove,southeastengland,conservative,35.18,41.76,9.86,6.88,6.3,0.0,0.0,0.03,0.0,0.0,0.0,0.0,0.0,yes,labour,6.59,3.75
419,North West Hampshire,southeastengland,conservative,56.36,18.71,10.32,12.02,2.57,0.0,0.0,0.03,0.0,0.0,0.0,0.0,0.0,no,conservative,37.66,34.87
250,Grantham and Stamford,eastmidlands,conservative,44.2,19.69,9.54,18.23,5.25,0.0,0.0,3.1,0.0,0.0,0.0,0.0,0.0,no,conservative,24.51,28.08
133,Chichester,southeastengland,conservative,51.62,14.92,12.78,14.68,5.97,0.0,0.0,0.03,0.0,0.0,0.0,0.0,0.0,no,conservative,36.7,27.96
373,Mole Valley,southeastengland,conservative,56.73,11.24,14.63,12.25,5.13,0.0,0.0,0.03,0.0,0.0,0.0,0.0,0.0,no,conservative,42.1,28.81
45,Bexleyheath and Crayford,london,conservative,43.72,24.88,3.63,21.9,3.07,0.0,0.0,2.8,0.0,0.0,0.0,0.0,0.0,no,conservative,18.84,23.95
565,Tamworth,westmidlands,conservative,42.48,36.23,5.89,12.71,2.61,0.0,0.0,0.08,0.0,0.0,0.0,0.0,0.0,no,conservative,6.25,13.13
513,South East Cornwall,southwestengland,conservative,43.67,12.63,23.4,14.88,5.13,0.0,0.0,0.29,0.0,0.0,0.0,0.0,0.0,no,conservative,20.27,6.49
88,Brighton Pavilion,southeastengland,green,19.3,31.55,4.39,5.49,39.09,0.0,0.0,0.17,0.0,0.0,0.0,0.0,0.0,no,green,7.54,2.42
285,Hitchin and Harpenden,eastofengland,conservative,54.4,20.14,9.93,10.39,5.02,0.0,0.0,0.1,0.0,0.0,0.0,0.0,0.0,no,conservative,34.25,27.91
77,Bradford West,yorkshireandthehumber,other,24.54,42.3,1.43,10.33,3.77,0.0,0.0,17.64,0.0,0.0,0.0,0.0,0.0,yes,labour,17.76,30.9
410,North Norfolk,eastofengland,libdems,28.29,9.29,35.12,20.44,6.83,0.0,0.0,0.03,0.0,0.0,0.0,0.0,0.0,no,libdems,6.83,23.41
570,The Cotswolds,southwestengland,conservative,51.42,17.64,16.02,10.8,4.0,0.0,0.0,0.12,0.0,0.0,0.0,0.0,0.0,no,conservative,33.78,23.46
83,Brentwood and Ongar,eastofengland,conservative,55.86,15.14,7.48,14.91,3.89,0.0,0.0,2.72,0.0,0.0,0.0,0.0,0.0,no,conservative,40.72,33.45
262,Hammersmith,london,labour,31.76,43.97,5.72,10.02,8.36,0.0,0.0,0.16,0.0,0.0,0.0,0.0,0.0,no,labour,12.21,7.48
364,Mid Sussex,southeastengland,conservative,46.49,10.09,19.71,16.64,6.55,0.0,0.0,0.51,0.0,0.0,0.0,0.0,0.0,no,conservative,26.78,13.25
323,Leeds North West,yorkshireandthehumber,libdems,24.43,23.84,31.26,14.03,6.11,0.0,0.0,0.34,0.0,0.0,0.0,0.0,0.0,no,libdems,6.83,20.93
585,Twickenham,london,libdems,33.36,8.85,42.77,8.32,6.5,0.0,0.0,0.21,0.0,0.0,0.0,0.0,0.0,no,libdems,9.42,20.33
278,Henley,southeastengland,conservative,51.78,15.31,10.97,13.83,7.32,0.0,0.0,0.8,0.0,0.0,0.0,0.0,0.0,no,conservative,36.47,30.99
15,Ashfield,eastmidlands,labour,18.86,38.66,17.99,16.29,3.19,0.0,0.0,5.01,0.0,0.0,0.0,0.0,0.0,no,labour,19.8,0.4
312,Kingston upon Hull North,yorkshireandthehumber,labour,12.93,48.29,20.79,12.71,3.22,0.0,0.0,2.07,0.0,0.0,0.0,0.0,0.0,no,labour,27.5,1.93
487,Scunthorpe,yorkshireandthehumber,labour,29.58,43.92,5.74,16.19,3.39,0.0,0.0,1.19,0.0,0.0,0.0,0.0,0.0,no,labour,14.34,6.88
556,Stretford and Urmston,northwestengland,labour,27.12,55.33,4.97,8.56,3.97,0.0,0.0,0.06,0.0,0.0,0.0,0.0,0.0,no,labour,28.21,19.9
522,South Swindon,southwestengland,conservative,37.1,38.42,6.94,13.44,3.46,0.0,0.0,0.64,0.0,0.0,0.0,0.0,0.0,yes,labour,1.32,7.52
130,Cheltenham,southwestengland,libdems,36.17,9.3,35.77,12.54,6.08,0.0,0.0,0.14,0.0,0.0,0.0,0.0,0.0,yes,conservative,0.4,9.32
361,Mid Derbyshire,eastmidlands,conservative,46.39,28.62,9.29,10.63,3.46,0.0,0.0,1.61,0.0,0.0,0.0,0.0,0.0,no,conservative,17.78,23.85
400,North Down,northernireland,other,0.0,0.0,0.0,0.0,0.0,0.0,0.0,76.29,0.5,1.53,16.6,0.0,5.09,no,other,59.69,42.9
29,Bath,southwestengland,libdems,27.49,11.82,41.25,6.96,12.36,0.0,0.0,0.13,0.0,0.0,0.0,0.0,0.0,no,libdems,13.76,25.24
549,Stoke-on-Trent North,westmidlands,labour,21.45,51.7,7.18,12.44,2.52,0.0,0.0,4.7,0.0,0.0,0.0,0.0,0.0,no,labour,30.24,20.49
554,Stratford-on-Avon,westmidlands,conservative,52.44,12.62,16.63,11.59,4.07,0.0,0.0,2.66,0.0,0.0,0.0,0.0,0.0,no,conservative,35.81,22.45
281,Hertsmere,eastofengland,conservative,52.52,25.17,3.29,13.45,4.21,0.0,0.0,1.36,0.0,0.0,0.0,0.0,0.0,no,conservative,27.35,37.24
322,Leeds North East,yorkshireandthehumber,labour,29.19,45.94,6.19,12.66,5.52,0.0,0.0,0.51,0.0,0.0,0.0,0.0,0.0,no,labour,16.75,9.56
259,Halifax,yorkshireandthehumber,labour,30.91,42.04,6.11,12.38,4.66,0.0,0.0,3.91,0.0,0.0,0.0,0.0,0.0,no,labour,11.13,3.38
87,Brighton Kemptown,southeastengland,conservative,35.48,43.08,6.47,7.3,7.61,0.0,0.0,0.07,0.0,0.0,0.0,0.0,0.0,yes,labour,7.61,3.11
128,Chelmsford,eastofengland,conservative,43.96,16.21,16.53,17.87,4.47,0.0,0.0,0.96,0.0,0.0,0.0,0.0,0.0,no,conservative,26.09,9.36
411,North Shropshire,westmidlands,conservative,47.93,20.9,9.21,15.21,5.68,0.0,0.0,1.08,0.0,0.0,0.0,0.0,0.0,no,conservative,27.03,30.52
605,Waveney,eastofengland,conservative,33.1,42.51,1.78,16.68,5.91,0.0,0.0,0.03,0.0,0.0,0.0,0.0,0.0,yes,labour,9.41,1.5
96,Broxbourne,eastofengland,conservative,52.72,22.79,1.93,16.22,2.72,0.0,0.0,3.62,0.0,0.0,0.0,0.0,0.0,no,conservative,29.93,41.18
126,Chatham and Aylesford,southeastengland,conservative,41.43,38.71,3.01,11.56,2.76,0.0,0.0,2.53,0.0,0.0,0.0,0.0,0.0,no,conservative,2.71,13.85
579,Torfaen,wales,labour,16.43,50.6,4.5,14.32,3.8,0.0,4.64,5.72,0.0,0.0,0.0,0.0,0.0,no,labour,34.17,24.72
28,Bassetlaw,eastmidlands,labour,27.86,52.45,2.52,14.08,2.98,0.0,0.0,0.11,0.0,0.0,0.0,0.0,0.0,no,labour,24.59,16.57
230,Forest of Dean,southwestengland,conservative,41.39,32.02,9.03,12.98,4.55,0.0,0.0,0.03,0.0,0.0,0.0,0.0,0.0,no,conservative,9.37,22.69
496,Sheffield South East,yorkshireandthehumber,labour,15.43,52.72,8.84,13.04,7.45,0.0,0.0,2.52,0.0,0.0,0.0,0.0,0.0,no,labour,37.28,25.37
489,Sefton Central,northwestengland,labour,31.3,47.13,6.62,11.55,3.37,0.0,0.0,0.03,0.0,0.0,0.0,0.0,0.0,no,labour,15.83,7.97
597,Wansbeck,northeastengland,labour,16.74,53.21,12.75,11.56,3.8,0.0,0.0,1.94,0.0,0.0,0.0,0.0,0.0,no,labour,36.48,18.37
302,Islington South and Finsbury,london,labour,18.17,46.33,20.01,9.2,6.13,0.0,0.0,0.15,0.0,0.0,0.0,0.0,0.0,no,labour,26.32,8.19
514,South Holland and The Deepings,eastmidlands,conservative,56.51,16.83,5.81,16.91,2.63,0.0,0.0,1.32,0.0,0.0,0.0,0.0,0.0,no,conservative,39.6,43.6
494,Sheffield Hallam,yorkshireandthehumber,libdems,22.26,20.88,36.82,12.1,7.25,0.0,0.0,0.69,0.0,0.0,0.0,0.0,0.0,no,libdems,14.56,29.89
191,East Devon,southwestengland,conservative,46.87,17.63,17.54,12.61,5.32,0.0,0.0,0.03,0.0,0.0,0.0,0.0,0.0,no,conservative,29.24,17.17
365,Mid Ulster,northernireland,sinnfein,0.0,0.0,0.0,0.0,0.0,0.0,0.0,11.32,50.61,13.23,8.88,15.09,0.86,no,sinnfein,35.52,12.58
492,Sheffield Brightside and Hillsborough,yorkshireandthehumber,labour,9.88,57.8,6.49,13.35,7.63,0.0,0.0,4.85,0.0,0.0,0.0,0.0,0.0,no,labour,44.45,35.03
196,East Londonderry,northernireland,dup,0.0,0.0,0.0,0.0,0.0,0.0,0.0,11.33,18.27,14.34,15.05,35.74,5.25,no,dup,17.47,15.32
249,Gower,wales,labour,28.98,47.12,6.42,7.21,3.58,0.0,6.22,0.47,0.0,0.0,0.0,0.0,0.0,no,labour,18.13,6.44
540,Stafford,westmidlands,conservative,40.8,36.72,5.98,12.88,3.19,0.0,0.0,0.43,0.0,0.0,0.0,0.0,0.0,no,conservative,4.08,10.87
318,Lanark and Hamilton East,scotland,labour,15.08,34.16,1.64,3.89,1.26,43.45,0.0,0.52,0.0,0.0,0.0,0.0,0.0,yes,snp,9.29,28.95
297,Inverclyde,scotland,labour,12.58,40.48,2.5,3.35,1.53,39.52,0.0,0.04,0.0,0.0,0.0,0.0,0.0,no,labour,0.96,20.78
268,Harrow West,london,labour,34.03,46.23,6.33,9.44,3.94,0.0,0.0,0.03,0.0,0.0,0.0,0.0,0.0,no,labour,12.19,6.82
340,"Liverpool, West Derby",northwestengland,labour,8.04,68.07,1.97,10.8,6.12,0.0,0.0,5.0,0.0,0.0,0.0,0.0,0.0,no,labour,57.27,51.61
187,Ealing North,london,labour,28.94,53.91,4.39,6.91,4.7,0.0,0.0,1.14,0.0,0.0,0.0,0.0,0.0,no,labour,24.97,19.51
544,Stirling,scotland,labour,24.03,27.61,3.06,3.26,3.6,37.82,0.0,0.62,0.0,0.0,0.0,0.0,0.0,yes,snp,10.21,17.73
388,Newcastle upon Tyne North,northeastengland,labour,17.46,48.33,17.04,10.29,5.42,0.0,0.0,1.46,0.0,0.0,0.0,0.0,0.0,no,labour,30.88,7.77
317,Lagan Valley,northernireland,dup,0.0,0.0,0.0,0.0,0.0,0.0,0.0,12.78,3.46,4.31,17.91,50.58,10.96,no,dup,32.67,28.7
156,Crewe and Nantwich,northwestengland,conservative,43.47,37.21,3.47,11.87,3.62,0.0,0.0,0.34,0.0,0.0,0.0,0.0,0.0,no,conservative,6.26,11.84
596,Walthamstow,london,labour,13.07,56.63,16.02,7.89,6.14,0.0,0.0,0.24,0.0,0.0,0.0,0.0,0.0,no,labour,40.61,23.12
618,West Lancashire,northwestengland,labour,31.35,47.35,2.5,14.8,3.94,0.0,0.0,0.06,0.0,0.0,0.0,0.0,0.0,no,labour,16.0,8.96
480,Rushcliffe,eastmidlands,conservative,46.18,22.96,9.68,12.65,8.5,0.0,0.0,0.03,0.0,0.0,0.0,0.0,0.0,no,conservative,23.22,29.45
253,Great Yarmouth,eastofengland,conservative,35.66,37.36,1.98,19.96,3.49,0.0,0.0,1.55,0.0,0.0,0.0,0.0,0.0,yes,labour,1.7,9.93
459,Reading East,southeastengland,conservative,38.42,31.56,12.28,11.87,5.82,0.0,0.0,0.05,0.0,0.0,0.0,0.0,0.0,no,conservative,6.87,15.21
23,Barnsley Central,yorkshireandthehumber,labour,16.4,54.79,5.47,12.32,2.44,0.0,0.0,8.59,0.0,0.0,0.0,0.0,0.0,no,labour,38.39,51.73
508,South Cambridgeshire,eastofengland,conservative,42.53,14.38,13.68,16.67,11.18,0.0,0.0,1.56,0.0,0.0,0.0,0.0,0.0,no,conservative,25.86,13.27
610,Welwyn Hatfield,eastofengland,conservative,51.27,27.1,2.55,14.01,5.03,0.0,0.0,0.05,0.0,0.0,0.0,0.0,0.0,no,conservative,24.17,35.58
532,Southend West,eastofengland,conservative,44.47,19.48,11.48,15.3,5.62,0.0,0.0,3.64,0.0,0.0,0.0,0.0,0.0,no,conservative,24.98,16.67
33,Beckenham,london,conservative,53.42,14.75,9.09,17.11,4.85,0.0,0.0,0.77,0.0,0.0,0.0,0.0,0.0,no,conservative,36.32,37.29
634,Wyre and Preston North,northwestengland,conservative,48.56,23.55,7.43,17.11,3.33,0.0,0.0,0.03,0.0,0.0,0.0,0.0,0.0,no,conservative,25.01,30.88
182,Dundee East,scotland,snp,14.1,17.58,1.41,2.31,1.52,62.27,0.0,0.81,0.0,0.0,0.0,0.0,0.0,no,snp,44.69,4.49
485,Salisbury,southwestengland,conservative,46.39,13.12,21.09,13.62,4.8,0.0,0.0,0.98,0.0,0.0,0.0,0.0,0.0,no,conservative,25.29,12.31
148,Colne Valley,yorkshireandthehumber,conservative,35.18,30.97,14.31,10.35,6.94,0.0,0.0,2.25,0.0,0.0,0.0,0.0,0.0,no,conservative,4.21,8.75
48,Birmingham Erdington,westmidlands,labour,27.95,46.13,5.48,11.78,5.01,0.0,0.0,3.65,0.0,0.0,0.0,0.0,0.0,no,labour,18.19,9.22
295,Ilford North,london,conservative,43.26,34.83,3.98,11.8,4.63,0.0,0.0,1.49,0.0,0.0,0.0,0.0,0.0,no,conservative,8.44,11.49
315,Kirkcaldy and Cowdenbeath,scotland,labour,8.02,43.83,3.1,2.99,2.56,39.37,0.0,0.13,0.0,0.0,0.0,0.0,0.0,no,labour,4.46,50.24
640,Wyre Forest,westmidlands,conservative,33.17,16.7,3.11,18.34,4.6,0.0,0.0,24.07,0.0,0.0,0.0,0.0,0.0,no,conservative,9.1,5.19
446,Peterborough,eastofengland,conservative,32.46,32.67,3.9,24.12,5.9,0.0,0.0,0.95,0.0,0.0,0.0,0.0,0.0,yes,labour,0.21,10.82
216,Epping Forest,eastofengland,conservative,46.21,18.21,5.11,22.43,5.48,0.0,0.0,2.56,0.0,0.0,0.0,0.0,0.0,no,conservative,23.77,32.48
524,South West Bedfordshire,eastofengland,conservative,47.65,25.25,4.61,16.09,4.81,0.0,0.0,1.58,0.0,0.0,0.0,0.0,0.0,no,conservative,22.39,32.79
649,Wrexham,wales,labour,22.1,44.35,10.84,12.19,3.73,0.0,5.62,1.17,0.0,0.0,0.0,0.0,0.0,no,labour,22.25,11.09
384,Newark,eastmidlands,conservative,52.77,26.7,9.19,8.67,2.64,0.0,0.0,0.03,0.0,0.0,0.0,0.0,0.0,no,conservative,26.08,19.13
520,South Staffordshire,westmidlands,conservative,49.89,23.37,6.27,14.57,4.04,0.0,0.0,1.85,0.0,0.0,0.0,0.0,0.0,no,conservative,26.52,32.89
624,Weston-Super-Mare,southwestengland,conservative,40.2,17.02,22.0,14.15,5.33,0.0,0.0,1.3,0.0,0.0,0.0,0.0,0.0,no,conservative,18.19,5.1
72,Bournemouth East,southwestengland,conservative,45.64,20.45,16.59,13.15,4.09,0.0,0.0,0.09,0.0,0.0,0.0,0.0,0.0,no,conservative,25.19,17.55
89,Bristol East,southwestengland,labour,23.64,47.38,10.87,6.65,8.23,0.0,0.0,3.24,0.0,0.0,0.0,0.0,0.0,no,labour,23.74,8.27
332,"Lewisham, Deptford",london,labour,12.83,59.58,12.28,6.57,7.74,0.0,0.0,1.0,0.0,0.0,0.0,0.0,0.0,no,labour,46.76,30.32
244,Glasgow South West,scotland,labour,5.74,43.87,1.87,4.11,3.56,38.02,0.0,2.83,0.0,0.0,0.0,0.0,0.0,no,labour,5.85,46.16
423,Northampton North,eastmidlands,conservative,30.84,32.18,14.13,15.66,5.37,0.0,0.0,1.82,0.0,0.0,0.0,0.0,0.0,yes,labour,1.34,4.81
632,Witney,southeastengland,conservative,58.38,18.66,7.81,9.7,4.99,0.0,0.0,0.45,0.0,0.0,0.0,0.0,0.0,no,conservative,39.72,39.36
431,Ochil and South Perthshire,scotland,labour,19.14,22.92,1.55,3.81,2.52,49.73,0.0,0.34,0.0,0.0,0.0,0.0,0.0,yes,snp,26.81,10.28
342,Llanelli,wales,labour,10.97,46.34,1.43,10.76,4.03,0.0,26.43,0.04,0.0,0.0,0.0,0.0,0.0,no,labour,19.91,12.55
469,Rochester and Strood,southeastengland,ukip,34.78,22.57,4.29,36.04,2.24,0.0,0.0,0.08,0.0,0.0,0.0,0.0,0.0,no,ukip,1.26,7.29
338,"Liverpool, Walton",northwestengland,labour,5.45,73.89,2.82,10.82,6.14,0.0,0.0,0.87,0.0,0.0,0.0,0.0,0.0,no,labour,63.06,57.72
246,Gloucester,southwestengland,conservative,33.21,41.89,6.87,14.45,3.44,0.0,0.0,0.15,0.0,0.0,0.0,0.0,0.0,yes,labour,8.69,4.77
600,Warrington North,northwestengland,labour,26.78,49.19,6.62,13.67,3.26,0.0,0.0,0.47,0.0,0.0,0.0,0.0,0.0,no,labour,22.42,15.32
630,Wirral West,northwestengland,conservative,38.67,40.46,6.43,9.31,4.19,0.0,0.0,0.94,0.0,0.0,0.0,0.0,0.0,yes,labour,1.8,6.19
330,Lewisham East,london,labour,22.45,47.56,15.53,6.49,7.62,0.0,0.0,0.35,0.0,0.0,0.0,0.0,0.0,no,labour,25.11,14.9
613,West Bromwich East,westmidlands,labour,24.15,49.96,3.52,14.41,3.06,0.0,0.0,4.91,0.0,0.0,0.0,0.0,0.0,no,labour,25.81,17.64
8,Altrincham and Sale West,northwestengland,conservative,49.59,26.95,11.01,8.49,3.93,0.0,0.0,0.03,0.0,0.0,0.0,0.0,0.0,no,conservative,22.64,23.47
277,Hendon,london,conservative,39.04,41.61,3.7,11.61,3.99,0.0,0.0,0.05,0.0,0.0,0.0,0.0,0.0,yes,labour,2.57,0.23
547,Stockton South,northeastengland,conservative,37.93,41.62,4.18,12.15,2.51,0.0,0.0,1.62,0.0,0.0,0.0,0.0,0.0,yes,labour,3.69,0.66
368,Middlesbrough South and East Cleveland,northeastengland,labour,34.48,46.17,4.72,10.28,2.29,0.0,0.0,2.07,0.0,0.0,0.0,0.0,0.0,no,labour,11.69,3.63
247,Gordon,scotland,libdems,15.27,11.65,24.36,3.53,1.27,42.5,0.0,1.42,0.0,0.0,0.0,0.0,0.0,yes,snp,18.15,13.83
86,Brigg and Goole,yorkshireandthehumber,conservative,44.12,37.62,3.73,11.18,2.41,0.0,0.0,0.95,0.0,0.0,0.0,0.0,0.0,no,conservative,6.5,11.73
344,Louth and Horncastle,eastmidlands,conservative,49.31,21.44,10.98,12.11,2.56,0.0,0.0,3.6,0.0,0.0,0.0,0.0,0.0,no,conservative,27.87,27.47
593,Wallasey,northwestengland,labour,27.9,55.28,2.61,10.32,3.85,0.0,0.0,0.04,0.0,0.0,0.0,0.0,0.0,no,labour,27.38,20.42
235,Gateshead,northeastengland,labour,13.38,58.46,7.81,13.87,4.21,0.0,0.0,2.27,0.0,0.0,0.0,0.0,0.0,no,labour,44.59,32.8
222,Falkirk,scotland,other,11.17,28.48,1.47,2.06,0.93,55.87,0.0,0.03,0.0,0.0,0.0,0.0,0.0,yes,snp,27.39,15.45
307,Kensington,london,conservative,51.34,28.39,9.43,6.48,4.26,0.0,0.0,0.09,0.0,0.0,0.0,0.0,0.0,no,conservative,22.95,24.51
589,Vale of Clwyd,wales,labour,30.3,48.54,2.08,10.04,3.25,0.0,5.13,0.66,0.0,0.0,0.0,0.0,0.0,no,labour,18.24,7.06
505,Somerton and Frome,southwestengland,libdems,37.38,7.91,31.8,15.1,7.75,0.0,0.0,0.05,0.0,0.0,0.0,0.0,0.0,yes,conservative,5.57,3
439,Oxford West and Abingdon,southeastengland,conservative,44.14,16.98,27.02,6.65,5.17,0.0,0.0,0.04,0.0,0.0,0.0,0.0,0.0,no,conservative,17.11,0.31
614,West Bromwich West,westmidlands,labour,24.81,48.83,2.92,14.9,3.15,0.0,0.0,5.39,0.0,0.0,0.0,0.0,0.0,no,labour,24.01,15.62
635,Wythenshawe and Sale East,northwestengland,labour,24.68,52.05,8.62,9.38,4.35,0.0,0.0,0.93,0.0,0.0,0.0,0.0,0.0,no,labour,27.38,37.54
107,Camberwell and Peckham,london,labour,12.05,63.75,11.01,5.69,6.73,0.0,0.0,0.78,0.0,0.0,0.0,0.0,0.0,no,labour,51.7,36.84
269,Hartlepool,northeastengland,labour,26.47,48.4,5.46,14.82,2.77,0.0,0.0,2.08,0.0,0.0,0.0,0.0,0.0,no,labour,21.93,14.41
178,Dudley South,westmidlands,conservative,38.8,35.51,5.45,16.62,3.58,0.0,0.0,0.04,0.0,0.0,0.0,0.0,0.0,no,conservative,3.3,10.1
306,Kenilworth and Southam,westmidlands,conservative,50.35,17.0,14.12,13.68,4.74,0.0,0.0,0.11,0.0,0.0,0.0,0.0,0.0,no,conservative,33.35,25.92
53,Birmingham Perry Barr,westmidlands,labour,18.28,55.93,9.75,10.83,4.63,0.0,0.0,0.58,0.0,0.0,0.0,0.0,0.0,no,labour,37.65,28.32
491,Sevenoaks,southeastengland,conservative,50.2,17.39,7.81,17.29,4.33,0.0,0.0,2.97,0.0,0.0,0.0,0.0,0.0,no,conservative,32.82,35.45
583,Truro and Falmouth,southwestengland,conservative,39.18,15.81,24.34,14.76,5.09,0.0,0.0,0.83,0.0,0.0,0.0,0.0,0.0,no,conservative,14.84,0.89
261,Halton,northwestengland,labour,17.9,61.46,2.76,14.03,3.32,0.0,0.0,0.53,0.0,0.0,0.0,0.0,0.0,no,labour,43.56,37.51
76,Bradford South,yorkshireandthehumber,labour,27.09,47.05,5.85,11.82,4.29,0.0,0.0,3.92,0.0,0.0,0.0,0.0,0.0,no,labour,19.96,12.16
51,Birmingham Ladywood,westmidlands,labour,9.58,60.25,13.49,11.68,4.96,0.0,0.0,0.04,0.0,0.0,0.0,0.0,0.0,no,labour,46.75,28.2
245,Glenrothes,scotland,labour,7.14,42.77,1.08,3.69,2.16,43.13,0.0,0.03,0.0,0.0,0.0,0.0,0.0,yes,snp,0.36,40.61
389,Newcastle-under-Lyme,westmidlands,labour,27.93,39.78,7.48,19.69,5.09,0.0,0.0,0.03,0.0,0.0,0.0,0.0,0.0,no,labour,11.85,3.59
93,Broadland,eastofengland,conservative,41.11,18.48,12.43,19.97,7.58,0.0,0.0,0.42,0.0,0.0,0.0,0.0,0.0,no,conservative,21.14,13.84
172,Dewsbury,yorkshireandthehumber,conservative,33.41,35.52,4.78,11.32,4.93,0.0,0.0,10.03,0.0,0.0,0.0,0.0,0.0,yes,labour,2.11,2.78
528,South West Surrey,southeastengland,conservative,55.96,9.64,14.49,12.8,6.58,0.0,0.0,0.53,0.0,0.0,0.0,0.0,0.0,no,conservative,41.48,28.5
625,Wigan,northwestengland,labour,23.08,54.76,3.92,13.97,2.64,0.0,0.0,1.63,0.0,0.0,0.0,0.0,0.0,no,labour,31.68,23.76
228,Finchley and Golders Green,london,conservative,45.95,36.18,7.3,6.27,4.27,0.0,0.0,0.03,0.0,0.0,0.0,0.0,0.0,no,conservative,9.77,12.32
476,Rotherham,yorkshireandthehumber,labour,15.09,49.41,4.37,17.96,2.52,0.0,0.0,10.65,0.0,0.0,0.0,0.0,0.0,no,labour,31.45,24.79
154,Coventry South,westmidlands,labour,29.33,46.92,7.02,11.74,4.78,0.0,0.0,0.22,0.0,0.0,0.0,0.0,0.0,no,labour,17.59,8.37
225,Feltham and Heston,london,labour,31.45,46.31,4.7,10.34,4.39,0.0,0.0,2.82,0.0,0.0,0.0,0.0,0.0,no,labour,14.87,26.71
551,Stone,westmidlands,conservative,49.29,24.69,10.86,12.03,3.11,0.0,0.0,0.03,0.0,0.0,0.0,0.0,0.0,no,conservative,24.6,28.14
106,Calder Valley,yorkshireandthehumber,conservative,39.5,31.63,10.98,11.75,4.43,0.0,0.0,1.71,0.0,0.0,0.0,0.0,0.0,no,conservative,7.87,12.42
424,Northampton South,eastmidlands,conservative,37.28,28.3,8.16,16.0,5.46,0.0,0.0,4.8,0.0,0.0,0.0,0.0,0.0,no,conservative,8.98,15.4
25,Barrow and Furness,northwestengland,labour,34.1,54.34,1.46,8.09,1.65,0.0,0.0,0.36,0.0,0.0,0.0,0.0,0.0,no,labour,20.24,11.8
267,Harrow East,london,conservative,42.67,38.53,5.5,9.56,3.69,0.0,0.0,0.03,0.0,0.0,0.0,0.0,0.0,no,conservative,4.14,7.09
159,Croydon South,london,conservative,50.95,21.88,11.77,11.05,4.33,0.0,0.0,0.03,0.0,0.0,0.0,0.0,0.0,no,conservative,29.07,28.08
188,"Ealing, Southall",london,labour,27.48,54.3,5.43,7.29,4.98,0.0,0.0,0.52,0.0,0.0,0.0,0.0,0.0,no,labour,26.82,21.73
40,Berwick-upon-Tweed,northeastengland,libdems,36.25,16.38,30.85,11.94,3.83,0.0,0.0,0.75,0.0,0.0,0.0,0.0,0.0,yes,conservative,5.4,7
473,"Ross, Skye and Lochaber",scotland,libdems,9.66,8.61,36.62,3.27,4.12,36.35,0.0,1.37,0.0,0.0,0.0,0.0,0.0,no,libdems,0.27,37.52
326,Leicester South,eastmidlands,labour,19.08,53.32,14.12,7.78,4.73,0.0,0.0,0.97,0.0,0.0,0.0,0.0,0.0,no,labour,34.24,35.34
647,Ynys Mon,wales,labour,18.37,38.35,1.06,12.02,2.93,0.0,23.73,3.53,0.0,0.0,0.0,0.0,0.0,no,labour,14.63,7.14
43,Beverley and Holderness,yorkshireandthehumber,conservative,47.55,25.39,9.35,13.08,3.05,0.0,0.0,1.59,0.0,0.0,0.0,0.0,0.0,no,conservative,22.16,24.41
109,Cambridge,eastofengland,libdems,21.95,30.72,22.74,7.79,16.65,0.0,0.0,0.16,0.0,0.0,0.0,0.0,0.0,yes,labour,7.98,13.55
636,Woking,southeastengland,conservative,50.27,12.88,21.68,10.78,4.32,0.0,0.0,0.07,0.0,0.0,0.0,0.0,0.0,no,conservative,28.58,12.9
603,Washington and Sunderland West,northeastengland,labour,19.77,56.96,5.1,13.18,3.1,0.0,0.0,1.89,0.0,0.0,0.0,0.0,0.0,no,labour,37.19,30.69
379,Motherwell and Wishaw,scotland,labour,7.83,42.5,1.69,3.54,1.47,42.19,0.0,0.79,0.0,0.0,0.0,0.0,0.0,no,labour,0.31,42.96
472,Romsey and Southampton North,southeastengland,conservative,45.12,9.72,22.24,17.06,5.82,0.0,0.0,0.03,0.0,0.0,0.0,0.0,0.0,no,conservative,22.88,8.49
152,Coventry North East,westmidlands,labour,18.56,53.6,5.83,12.03,4.89,0.0,0.0,5.11,0.0,0.0,0.0,0.0,0.0,no,labour,35.04,27.14
288,Hornsey and Wood Green,london,libdems,15.55,36.24,35.12,5.57,7.41,0.0,0.0,0.12,0.0,0.0,0.0,0.0,0.0,yes,labour,1.13,12.49
198,East Renfrewshire,scotland,labour,28.03,36.19,2.46,1.88,2.74,28.68,0.0,0.03,0.0,0.0,0.0,0.0,0.0,no,labour,7.51,20.36
562,Sutton Coldfield,westmidlands,conservative,52.42,24.25,7.44,10.21,4.4,0.0,0.0,1.29,0.0,0.0,0.0,0.0,0.0,no,conservative,28.17,36.31
401,North Durham,northeastengland,labour,18.75,48.53,10.59,13.1,3.61,0.0,0.0,5.41,0.0,0.0,0.0,0.0,0.0,no,labour,29.78,17.37
418,North West Durham,northeastengland,labour,12.28,50.47,19.74,13.5,3.51,0.0,0.0,0.5,0.0,0.0,0.0,0.0,0.0,no,labour,30.73,6.63
91,Bristol South,southwestengland,labour,19.02,49.82,14.0,5.98,8.44,0.0,0.0,2.74,0.0,0.0,0.0,0.0,0.0,no,labour,30.8,9.79
366,Mid Worcestershire,westmidlands,conservative,47.99,16.5,10.3,20.17,5.01,0.0,0.0,0.03,0.0,0.0,0.0,0.0,0.0,no,conservative,27.81,31.15
162,Dagenham and Rainham,london,labour,32.26,43.63,1.58,12.28,1.62,0.0,0.0,8.62,0.0,0.0,0.0,0.0,0.0,no,labour,11.38,5.95
558,Suffolk Coastal,eastofengland,conservative,41.21,20.91,10.86,18.48,8.51,0.0,0.0,0.03,0.0,0.0,0.0,0.0,0.0,no,conservative,20.3,16.63
385,Newbury,southeastengland,conservative,55.91,7.63,19.86,11.7,4.84,0.0,0.0,0.07,0.0,0.0,0.0,0.0,0.0,no,conservative,36.04,20.9
55,Birmingham Yardley,westmidlands,libdems,16.33,35.6,28.84,11.65,4.55,0.0,0.0,3.04,0.0,0.0,0.0,0.0,0.0,yes,labour,6.76,7.35
343,Loughborough,eastmidlands,conservative,38.76,38.54,7.44,10.03,3.79,0.0,0.0,1.43,0.0,0.0,0.0,0.0,0.0,no,conservative,0.22,7.09
145,Clwyd West,wales,conservative,36.85,28.1,3.6,13.17,4.19,0.0,13.97,0.13,0.0,0.0,0.0,0.0,0.0,no,conservative,8.74,16.84
627,Winchester,southeastengland,conservative,50.47,9.76,27.43,7.45,4.72,0.0,0.0,0.16,0.0,0.0,0.0,0.0,0.0,no,conservative,23.04,5.45
260,Haltemprice and Howden,yorkshireandthehumber,conservative,49.28,18.84,11.45,14.41,3.17,0.0,0.0,2.86,0.0,0.0,0.0,0.0,0.0,no,conservative,30.44,23.81
236,Gedling,eastmidlands,labour,31.02,43.87,4.89,15.53,3.72,0.0,0.0,0.98,0.0,0.0,0.0,0.0,0.0,no,labour,12.86,3.86
118,Carmarthen West and South Pembrokeshire,wales,conservative,35.14,34.29,2.36,14.56,3.34,0.0,10.04,0.27,0.0,0.0,0.0,0.0,0.0,no,conservative,0.85,8.45
519,South Shields,northeastengland,labour,19.64,56.78,3.34,12.32,2.9,0.0,0.0,5.03,0.0,0.0,0.0,0.0,0.0,no,labour,37.13,26.3
412,North Somerset,southwestengland,conservative,44.96,17.24,19.51,13.27,5.0,0.0,0.0,0.03,0.0,0.0,0.0,0.0,0.0,no,conservative,25.45,13.57
19,"Ayr, Carrick and Cumnock",scotland,labour,22.8,32.36,2.32,2.66,0.4,38.87,0.0,0.6,0.0,0.0,0.0,0.0,0.0,yes,snp,6.51,21.6
335,Lincoln,eastmidlands,conservative,34.97,39.37,8.84,10.15,4.59,0.0,0.0,2.09,0.0,0.0,0.0,0.0,0.0,yes,labour,4.4,2.31
564,Swansea West,wales,labour,16.77,39.54,15.22,16.76,6.79,0.0,3.39,1.52,0.0,0.0,0.0,0.0,0.0,no,labour,22.77,1.42
428,Nottingham North,eastmidlands,labour,21.08,53.26,6.37,10.0,6.65,0.0,0.0,2.63,0.0,0.0,0.0,0.0,0.0,no,labour,32.18,23.74
376,Moray,scotland,snp,22.9,6.29,2.77,4.14,2.08,61.78,0.0,0.03,0.0,0.0,0.0,0.0,0.0,no,snp,38.88,13.63
38,Belfast West,northernireland,sinnfein,0.0,0.0,0.0,0.0,0.0,0.0,0.0,0.0,72.05,15.82,2.01,8.35,1.77,no,sinnfein,56.22,57.18
124,Ceredigion,wales,libdems,9.75,8.27,35.64,10.1,8.05,0.0,28.16,0.04,0.0,0.0,0.0,0.0,0.0,no,libdems,7.48,21.76
10,Amber Valley,eastmidlands,conservative,35.72,41.34,4.79,10.65,3.41,0.0,0.0,4.09,0.0,0.0,0.0,0.0,0.0,yes,labour,5.61,1.17
155,Crawley,southeastengland,conservative,39.6,38.17,3.6,13.18,2.89,0.0,0.0,2.57,0.0,0.0,0.0,0.0,0.0,no,conservative,1.43,12.48
85,Bridgwater and West Somerset,southwestengland,conservative,45.03,26.67,15.59,8.29,2.91,0.0,0.0,1.52,0.0,0.0,0.0,0.0,0.0,no,conservative,18.36,16.97
263,Hampstead and Kilburn,london,labour,32.61,38.53,18.53,5.98,4.14,0.0,0.0,0.2,0.0,0.0,0.0,0.0,0.0,no,labour,5.92,0.08
447,Plymouth Moor View,southwestengland,labour,25.5,43.67,5.22,19.24,4.51,0.0,0.0,1.86,0.0,0.0,0.0,0.0,0.0,no,labour,18.17,3.82
104,Caerphilly,wales,labour,13.76,50.49,3.28,12.32,3.45,0.0,15.06,1.64,0.0,0.0,0.0,0.0,0.0,no,labour,35.42,27.8
110,Cannock Chase,westmidlands,conservative,35.51,35.51,6.55,17.03,2.32,0.0,0.0,3.09,0.0,0.0,0.0,0.0,0.0,no,conservative,0.0,7.01
39,Bermondsey and Old Southwark,london,libdems,16.21,31.74,37.39,6.04,6.98,0.0,0.0,1.64,0.0,0.0,0.0,0.0,0.0,no,libdems,5.65,19.1
169,Derby South,eastmidlands,labour,23.62,46.51,8.38,15.54,4.95,0.0,0.0,0.98,0.0,0.0,0.0,0.0,0.0,no,labour,22.89,14.86
349,Maidenhead,southeastengland,conservative,61.02,11.82,14.69,8.36,3.11,0.0,0.0,1.0,0.0,0.0,0.0,0.0,0.0,no,conservative,46.33,31.22
316,Knowsley,northwestengland,labour,8.22,78.77,2.66,7.46,2.14,0.0,0.0,0.75,0.0,0.0,0.0,0.0,0.0,no,labour,70.55,57.52
97,Broxtowe,eastmidlands,conservative,33.74,39.55,6.02,13.93,6.13,0.0,0.0,0.64,0.0,0.0,0.0,0.0,0.0,yes,labour,5.81,0.74
100,Burton,westmidlands,conservative,39.27,33.76,5.21,16.32,3.38,0.0,0.0,2.05,0.0,0.0,0.0,0.0,0.0,no,conservative,5.51,12.65
276,Hemsworth,yorkshireandthehumber,labour,22.25,52.13,2.4,10.91,2.25,0.0,0.0,10.05,0.0,0.0,0.0,0.0,0.0,no,labour,29.88,22.45
161,Cynon Valley,wales,labour,7.5,56.92,2.74,11.35,3.41,0.0,18.03,0.05,0.0,0.0,0.0,0.0,0.0,no,labour,38.89,32.19
409,North Herefordshire,westmidlands,conservative,50.63,9.28,17.66,15.1,7.15,0.0,0.0,0.19,0.0,0.0,0.0,0.0,0.0,no,conservative,32.97,20.78
626,Wimbledon,london,conservative,48.79,24.1,13.17,9.22,4.65,0.0,0.0,0.08,0.0,0.0,0.0,0.0,0.0,no,conservative,24.7,24.07
619,West Suffolk,eastofengland,conservative,49.9,21.48,7.63,14.55,3.44,0.0,0.0,3.0,0.0,0.0,0.0,0.0,0.0,no,conservative,28.42,27.14
517,South Northamptonshire,eastmidlands,conservative,52.17,20.31,9.6,12.72,5.02,0.0,0.0,0.18,0.0,0.0,0.0,0.0,0.0,no,conservative,31.85,34.19
479,Runnymede and Weybridge,southeastengland,conservative,55.68,19.57,9.45,11.34,3.64,0.0,0.0,0.32,0.0,0.0,0.0,0.0,0.0,no,conservative,36.1,34.29
452,Portsmouth North,southeastengland,conservative,39.63,33.73,7.28,12.88,5.14,0.0,0.0,1.34,0.0,0.0,0.0,0.0,0.0,no,conservative,5.91,16.52
218,Erewash,eastmidlands,conservative,34.72,36.16,6.47,15.56,4.37,0.0,0.0,2.71,0.0,0.0,0.0,0.0,0.0,yes,labour,1.44,5.25
18,Aylesbury,southeastengland,conservative,54.1,19.48,15.04,8.38,2.97,0.0,0.0,0.03,0.0,0.0,0.0,0.0,0.0,no,conservative,34.63,23.73
59,Blackpool North and Cleveleys,northwestengland,conservative,40.96,40.68,3.08,12.29,2.1,0.0,0.0,0.9,0.0,0.0,0.0,0.0,0.0,no,conservative,0.28,5.3
369,Midlothian,scotland,labour,12.09,31.97,4.65,3.87,2.92,43.28,0.0,1.23,0.0,0.0,0.0,0.0,0.0,yes,snp,11.31,26.37
70,Boston and Skegness,eastmidlands,conservative,37.31,17.7,5.23,34.49,2.94,0.0,0.0,2.34,0.0,0.0,0.0,0.0,0.0,no,conservative,2.82,28.81
2,Aberconwy,wales,conservative,32.76,28.85,6.35,11.65,3.5,0.0,16.82,0.07,0.0,0.0,0.0,0.0,0.0,no,conservative,3.91,11.34
531,Southampton Test,southeastengland,labour,27.53,45.66,8.5,12.48,5.79,0.0,0.0,0.04,0.0,0.0,0.0,0.0,0.0,no,labour,18.13,5.46
645,Worthing West,southeastengland,conservative,47.67,16.36,13.0,15.33,7.56,0.0,0.0,0.09,0.0,0.0,0.0,0.0,0.0,no,conservative,31.31,23.88
587,Upper Bann,northernireland,dup,0.0,0.0,0.0,0.0,0.0,0.0,0.0,0.99,24.47,12.16,23.27,36.22,2.89,no,dup,11.75,8.12
404,North East Derbyshire,eastmidlands,labour,27.28,40.93,10.22,18.8,2.74,0.0,0.0,0.03,0.0,0.0,0.0,0.0,0.0,no,labour,13.65,5.2
357,Meon Valley,southeastengland,conservative,57.56,10.86,18.15,7.69,4.87,0.0,0.0,0.88,0.0,0.0,0.0,0.0,0.0,no,conservative,39.41,23.66
557,Stroud,southwestengland,conservative,32.06,42.86,4.34,11.5,9.22,0.0,0.0,0.03,0.0,0.0,0.0,0.0,0.0,yes,labour,10.8,2.24
94,Bromley and Chislehurst,london,conservative,49.1,16.72,9.98,17.91,5.08,0.0,0.0,1.22,0.0,0.0,0.0,0.0,0.0,no,conservative,31.19,31.56
392,Newry and Armagh,northernireland,sinnfein,0.0,0.0,0.0,0.0,0.0,0.0,0.0,3.33,41.98,22.87,16.78,13.92,1.13,no,sinnfein,19.11,18.55
378,Morley and Outwood,yorkshireandthehumber,labour,34.03,44.56,5.08,10.52,2.18,0.0,0.0,3.63,0.0,0.0,0.0,0.0,0.0,no,labour,10.54,2.25
319,Lancaster and Fleetwood,northwestengland,conservative,33.07,37.22,5.92,12.78,10.6,0.0,0.0,0.4,0.0,0.0,0.0,0.0,0.0,yes,labour,4.15,0.78
255,Guildford,southeastengland,conservative,49.52,8.25,21.27,14.15,6.74,0.0,0.0,0.07,0.0,0.0,0.0,0.0,0.0,no,conservative,28.25,14
52,Birmingham Northfield,westmidlands,labour,29.84,45.92,5.46,10.93,4.67,0.0,0.0,3.18,0.0,0.0,0.0,0.0,0.0,no,labour,16.08,6.65
387,Newcastle upon Tyne East,northeastengland,labour,14.81,50.96,16.35,10.95,5.75,0.0,0.0,1.19,0.0,0.0,0.0,0.0,0.0,no,labour,34.61,11.77
232,Fylde,northwestengland,conservative,51.14,23.13,8.36,13.52,3.81,0.0,0.0,0.03,0.0,0.0,0.0,0.0,0.0,no,conservative,28.0,30.18
482,Rutland and Melton,eastmidlands,conservative,49.38,17.42,13.4,11.82,6.2,0.0,0.0,1.78,0.0,0.0,0.0,0.0,0.0,no,conservative,31.96,25.35
345,Ludlow,westmidlands,conservative,50.21,8.63,18.3,16.22,6.04,0.0,0.0,0.59,0.0,0.0,0.0,0.0,0.0,no,conservative,31.9,20.01
405,North East Fife,scotland,libdems,22.57,7.46,29.76,3.96,2.32,33.88,0.0,0.04,0.0,0.0,0.0,0.0,0.0,yes,snp,4.12,22.58
413,North Swindon,southwestengland,conservative,38.46,38.26,5.86,12.6,3.44,0.0,0.0,1.38,0.0,0.0,0.0,0.0,0.0,no,conservative,0.2,14.04
450,Poole,southwestengland,conservative,41.82,18.62,15.8,18.02,4.47,0.0,0.0,1.26,0.0,0.0,0.0,0.0,0.0,no,conservative,23.2,15.9
523,South Thanet,southeastengland,conservative,31.09,28.31,3.5,33.95,2.67,0.0,0.0,0.47,0.0,0.0,0.0,0.0,0.0,yes,ukip,2.86,16.58
440,Paisley and Renfrewshire North,scotland,labour,14.61,37.14,1.52,3.61,1.98,40.39,0.0,0.75,0.0,0.0,0.0,0.0,0.0,yes,snp,3.25,34.96
464,Rhondda,wales,labour,4.42,59.31,1.47,11.09,3.35,0.0,15.91,4.45,0.0,0.0,0.0,0.0,0.0,no,labour,43.41,37.18
646,Wycombe,southeastengland,conservative,46.7,23.76,14.2,11.3,3.91,0.0,0.0,0.13,0.0,0.0,0.0,0.0,0.0,no,conservative,22.95,19.85
629,Wirral South,northwestengland,labour,35.75,45.12,4.35,10.74,4.01,0.0,0.0,0.04,0.0,0.0,0.0,0.0,0.0,no,labour,9.37,1.33
22,Barking,london,labour,15.04,53.06,1.17,18.64,1.48,0.0,0.0,10.6,0.0,0.0,0.0,0.0,0.0,no,labour,34.42,36.51
569,Tewkesbury,southwestengland,conservative,45.55,18.77,20.67,11.37,3.54,0.0,0.0,0.09,0.0,0.0,0.0,0.0,0.0,no,conservative,24.87,11.69
458,Rayleigh and Wickford,eastofengland,conservative,53.18,19.72,2.24,14.47,4.79,0.0,0.0,5.59,0.0,0.0,0.0,0.0,0.0,no,conservative,33.46,42.68
293,Huntingdon,eastofengland,conservative,51.82,17.94,12.64,12.7,2.44,0.0,0.0,2.46,0.0,0.0,0.0,0.0,0.0,no,conservative,33.89,19.94
223,Fareham,southeastengland,conservative,49.95,18.83,9.8,16.38,4.76,0.0,0.0,0.28,0.0,0.0,0.0,0.0,0.0,no,conservative,31.12,31.45
620,West Tyrone,northernireland,sinnfein,0.0,0.0,0.0,0.0,0.0,0.0,0.0,3.14,48.23,13.28,12.03,21.12,2.19,no,sinnfein,27.1,28.67
65,Bolsover,eastmidlands,labour,21.77,56.99,5.64,10.25,2.34,0.0,0.0,3.01,0.0,0.0,0.0,0.0,0.0,no,labour,35.21,25.42
134,Chingford and Woodford Green,london,conservative,52.82,24.71,7.14,7.74,6.01,0.0,0.0,1.59,0.0,0.0,0.0,0.0,0.0,no,conservative,28.11,30.07
650,York Outer,yorkshireandthehumber,conservative,44.84,21.64,19.81,9.2,4.22,0.0,0.0,0.28,0.0,0.0,0.0,0.0,0.0,no,conservative,23.2,6.92
571,The Wrekin,westmidlands,conservative,42.76,29.42,6.41,14.38,5.97,0.0,0.0,1.06,0.0,0.0,0.0,0.0,0.0,no,conservative,13.35,20.56
584,Tunbridge Wells,southeastengland,conservative,52.72,15.46,11.26,14.47,5.39,0.0,0.0,0.7,0.0,0.0,0.0,0.0,0.0,no,conservative,37.26,30.95
227,Filton and Bradley Stoke,southwestengland,conservative,35.69,34.4,11.32,12.89,3.98,0.0,0.0,1.72,0.0,0.0,0.0,0.0,0.0,no,conservative,1.29,14.31
448,"Plymouth, Sutton and Devonport",southwestengland,conservative,28.14,37.72,10.28,19.19,4.55,0.0,0.0,0.12,0.0,0.0,0.0,0.0,0.0,yes,labour,9.58,2.62
61,Blaenau Gwent,wales,labour,5.1,58.79,1.46,10.79,2.27,0.0,3.55,18.04,0.0,0.0,0.0,0.0,0.0,no,labour,40.75,32.46
363,Mid Norfolk,eastofengland,conservative,49.82,25.28,7.14,12.86,3.77,0.0,0.0,1.13,0.0,0.0,0.0,0.0,0.0,no,conservative,24.55,27.29
257,Hackney South and Shoreditch,london,labour,12.4,59.54,10.96,3.81,11.95,0.0,0.0,1.34,0.0,0.0,0.0,0.0,0.0,no,labour,47.14,33.34
427,Nottingham East,eastmidlands,labour,20.4,50.72,11.71,10.28,6.82,0.0,0.0,0.06,0.0,0.0,0.0,0.0,0.0,no,labour,30.31,21.05
465,Ribble Valley,northwestengland,conservative,52.59,27.32,7.99,9.44,2.58,0.0,0.0,0.07,0.0,0.0,0.0,0.0,0.0,no,conservative,25.27,28.25
353,Manchester Central,northwestengland,labour,10.32,56.83,10.65,11.37,9.69,0.0,0.0,1.14,0.0,0.0,0.0,0.0,0.0,no,labour,45.46,59.68
386,Newcastle upon Tyne Central,northeastengland,labour,17.89,51.6,9.89,11.52,6.04,0.0,0.0,3.05,0.0,0.0,0.0,0.0,0.0,no,labour,33.71,21.86
122,Central Devon,southwestengland,conservative,48.07,11.93,19.07,15.1,5.81,0.0,0.0,0.03,0.0,0.0,0.0,0.0,0.0,no,conservative,28.99,17.13
545,Stockport,northwestengland,labour,23.65,48.84,10.08,14.12,2.86,0.0,0.0,0.45,0.0,0.0,0.0,0.0,0.0,no,labour,25.19,17.34
648,York Central,yorkshireandthehumber,labour,23.91,45.03,10.39,9.03,11.08,0.0,0.0,0.57,0.0,0.0,0.0,0.0,0.0,no,labour,21.12,13.88
14,Arundel and South Downs,southeastengland,conservative,57.64,13.55,14.17,10.57,4.04,0.0,0.0,0.03,0.0,0.0,0.0,0.0,0.0,no,conservative,43.47,29.81
403,North East Cambridgeshire,eastofengland,conservative,47.54,20.39,7.31,19.56,2.97,0.0,0.0,2.23,0.0,0.0,0.0,0.0,0.0,no,conservative,27.15,31.55
454,Preseli Pembrokeshire,wales,conservative,38.56,35.34,3.28,10.26,4.15,0.0,8.37,0.04,0.0,0.0,0.0,0.0,0.0,no,conservative,3.21,11.63
131,Chesham and Amersham,southeastengland,conservative,57.75,9.13,13.86,13.95,5.28,0.0,0.0,0.03,0.0,0.0,0.0,0.0,0.0,no,conservative,43.8,31.86
186,Ealing Central and Acton,london,conservative,38.15,33.95,15.4,6.95,5.12,0.0,0.0,0.42,0.0,0.0,0.0,0.0,0.0,no,conservative,4.2,7.87
350,Maidstone and The Weald,southeastengland,conservative,47.59,15.0,20.39,13.12,3.27,0.0,0.0,0.62,0.0,0.0,0.0,0.0,0.0,no,conservative,27.19,12.04
34,Bedford,eastofengland,conservative,33.92,42.22,4.5,13.72,5.02,0.0,0.0,0.62,0.0,0.0,0.0,0.0,0.0,yes,labour,8.31,3
572,Thirsk and Malton,yorkshireandthehumber,conservative,52.45,16.66,9.63,14.29,5.82,0.0,0.0,1.16,0.0,0.0,0.0,0.0,0.0,no,conservative,35.79,29.58
478,"Ruislip, Northwood and Pinner",london,conservative,56.78,21.08,6.94,11.94,2.67,0.0,0.0,0.59,0.0,0.0,0.0,0.0,0.0,no,conservative,35.7,37.96
310,Kingston and Surbiton,london,libdems,32.53,9.64,35.24,14.58,7.89,0.0,0.0,0.12,0.0,0.0,0.0,0.0,0.0,no,libdems,2.71,13.24
534,Spelthorne,southeastengland,conservative,44.45,22.33,11.98,16.9,3.35,0.0,0.0,0.99,0.0,0.0,0.0,0.0,0.0,no,conservative,22.11,21.18
592,Wakefield,yorkshireandthehumber,labour,33.56,45.39,4.61,10.97,2.27,0.0,0.0,3.2,0.0,0.0,0.0,0.0,0.0,no,labour,11.83,3.63
546,Stockton North,northeastengland,labour,24.16,48.44,4.61,13.57,2.84,0.0,0.0,6.39,0.0,0.0,0.0,0.0,0.0,no,labour,24.28,16.9
272,Havant,southeastengland,conservative,44.59,22.09,9.13,18.42,5.06,0.0,0.0,0.71,0.0,0.0,0.0,0.0,0.0,no,conservative,22.49,27.7
416,North Warwickshire,westmidlands,conservative,36.45,43.22,2.78,12.44,2.62,0.0,0.0,2.49,0.0,0.0,0.0,0.0,0.0,yes,labour,6.77,0.11
331,Lewisham West and Penge,london,labour,24.6,45.98,15.78,6.25,7.29,0.0,0.0,0.11,0.0,0.0,0.0,0.0,0.0,no,labour,21.38,12.94
354,"Manchester, Gorton",northwestengland,labour,9.55,53.87,14.55,11.62,9.92,0.0,0.0,0.48,0.0,0.0,0.0,0.0,0.0,no,labour,39.32,17.49
166,Delyn,wales,labour,29.17,46.06,3.71,13.03,3.34,0.0,4.27,0.41,0.0,0.0,0.0,0.0,0.0,no,labour,16.89,6.14
6,Aldershot,southeastengland,conservative,45.48,17.72,18.75,13.08,3.83,0.0,0.0,1.13,0.0,0.0,0.0,0.0,0.0,no,conservative,26.72,12.31
628,Windsor,southeastengland,conservative,61.55,15.4,10.03,8.61,3.2,0.0,0.0,1.2,0.0,0.0,0.0,0.0,0.0,no,conservative,46.14,38.42
434,Oldham East and Saddleworth,northwestengland,labour,25.5,38.79,15.23,15.54,2.96,0.0,0.0,1.98,0.0,0.0,0.0,0.0,0.0,no,labour,13.3,10.19
568,Telford,westmidlands,labour,30.64,41.93,5.05,14.94,6.17,0.0,0.0,1.28,0.0,0.0,0.0,0.0,0.0,no,labour,11.29,2.37
362,Mid Dorset and North Poole,southwestengland,libdems,38.54,10.12,30.96,17.06,3.3,0.0,0.0,0.03,0.0,0.0,0.0,0.0,0.0,yes,conservative,7.58,0.57
488,Sedgefield,northeastengland,labour,21.44,49.9,6.98,14.29,3.67,0.0,0.0,3.73,0.0,0.0,0.0,0.0,0.0,no,labour,28.46,21.62
163,Darlington,northeastengland,labour,29.09,44.42,9.29,13.14,3.52,0.0,0.0,0.54,0.0,0.0,0.0,0.0,0.0,no,labour,15.34,7.9
215,"Enfield, Southgate",london,conservative,47.72,33.52,4.78,9.85,3.72,0.0,0.0,0.41,0.0,0.0,0.0,0.0,0.0,no,conservative,14.19,17.19
543,Stevenage,eastofengland,conservative,36.96,40.24,3.74,13.72,3.44,0.0,0.0,1.91,0.0,0.0,0.0,0.0,0.0,yes,labour,3.28,8.01
204,Eddisbury,northwestengland,conservative,51.15,25.4,8.69,11.32,3.41,0.0,0.0,0.03,0.0,0.0,0.0,0.0,0.0,no,conservative,25.75,29.19
54,Birmingham Selly Oak,westmidlands,labour,28.01,45.01,10.24,10.45,4.49,0.0,0.0,1.8,0.0,0.0,0.0,0.0,0.0,no,labour,17.0,7.48
119,Carshalton and Wallington,london,libdems,36.82,10.14,38.34,11.12,2.82,0.0,0.0,0.75,0.0,0.0,0.0,0.0,0.0,no,libdems,1.51,11.46
536,St. Austell and Newquay,southwestengland,libdems,34.74,12.0,29.56,14.72,5.02,0.0,0.0,3.97,0.0,0.0,0.0,0.0,0.0,yes,conservative,5.18,2.78
503,Slough,southeastengland,labour,29.27,54.34,3.76,9.83,2.58,0.0,0.0,0.22,0.0,0.0,0.0,0.0,0.0,no,labour,25.07,11.57
414,North Thanet,southeastengland,conservative,43.28,24.77,5.88,21.08,4.97,0.0,0.0,0.03,0.0,0.0,0.0,0.0,0.0,no,conservative,18.51,31.21
194,East Hampshire,southeastengland,conservative,52.63,11.77,14.67,14.35,5.73,0.0,0.0,0.85,0.0,0.0,0.0,0.0,0.0,no,conservative,37.95,26.3
189,Easington,northeastengland,labour,11.98,61.83,4.36,15.13,3.85,0.0,0.0,2.84,0.0,0.0,0.0,0.0,0.0,no,labour,46.7,42.91
320,Leeds Central,yorkshireandthehumber,labour,17.04,50.84,6.57,14.47,6.29,0.0,0.0,4.79,0.0,0.0,0.0,0.0,0.0,no,labour,33.8,28.47
251,Gravesham,southeastengland,conservative,42.68,34.19,2.98,15.98,2.55,0.0,0.0,1.61,0.0,0.0,0.0,0.0,0.0,no,conservative,8.48,19.69
396,North Ayrshire and Arran,scotland,labour,14.54,29.58,1.35,4.87,2.24,47.21,0.0,0.2,0.0,0.0,0.0,0.0,0.0,yes,snp,17.63,21.46
607,Weaver Vale,northwestengland,conservative,37.8,40.84,5.92,11.47,3.45,0.0,0.0,0.51,0.0,0.0,0.0,0.0,0.0,yes,labour,3.04,2.25
147,Colchester,eastofengland,libdems,28.59,17.28,30.4,14.37,8.4,0.0,0.0,0.96,0.0,0.0,0.0,0.0,0.0,no,libdems,1.81,15.13
12,Arfon,wales,plaidcymru,14.15,35.08,3.05,9.14,4.18,0.0,34.34,0.06,0.0,0.0,0.0,0.0,0.0,yes,labour,0.74,5.58
265,Harlow,eastofengland,conservative,32.43,33.11,1.6,14.53,16.59,0.0,0.0,1.73,0.0,0.0,0.0,0.0,0.0,yes,labour,0.67,11.22
175,Doncaster North,yorkshireandthehumber,labour,18.71,53.06,4.1,14.95,2.14,0.0,0.0,7.04,0.0,0.0,0.0,0.0,0.0,no,labour,34.35,26.3
149,Congleton,northwestengland,conservative,46.41,21.14,15.78,12.67,3.87,0.0,0.0,0.14,0.0,0.0,0.0,0.0,0.0,no,conservative,25.27,13.91
27,Basingstoke,southeastengland,conservative,46.38,26.26,10.45,11.92,4.92,0.0,0.0,0.07,0.0,0.0,0.0,0.0,0.0,no,conservative,20.13,26.01
57,Blackburn,northwestengland,labour,23.59,52.42,3.47,14.28,2.76,0.0,0.0,3.49,0.0,0.0,0.0,0.0,0.0,no,labour,28.82,21.66
346,Luton North,eastofengland,labour,26.59,57.94,1.58,9.79,2.73,0.0,0.0,1.36,0.0,0.0,0.0,0.0,0.0,no,labour,31.35,17.48
641,Yeovil,southwestengland,libdems,28.77,9.51,40.29,15.81,4.9,0.0,0.0,0.73,0.0,0.0,0.0,0.0,0.0,no,libdems,11.52,22.81
637,Wokingham,southeastengland,conservative,50.93,15.07,13.6,13.37,3.66,0.0,0.0,3.38,0.0,0.0,0.0,0.0,0.0,no,conservative,35.85,24.74
60,Blackpool South,northwestengland,labour,33.81,47.37,3.27,12.26,2.19,0.0,0.0,1.1,0.0,0.0,0.0,0.0,0.0,no,labour,13.56,5.26
289,Horsham,southeastengland,conservative,51.15,11.76,17.01,13.16,6.4,0.0,0.0,0.52,0.0,0.0,0.0,0.0,0.0,no,conservative,34.14,20.52
391,Newport West,wales,labour,28.44,48.6,4.7,11.54,3.37,0.0,2.46,0.89,0.0,0.0,0.0,0.0,0.0,no,labour,20.16,8.92
555,Streatham,london,labour,16.61,45.55,20.61,5.73,11.32,0.0,0.0,0.18,0.0,0.0,0.0,0.0,0.0,no,labour,24.93,6.96
329,Lewes,southeastengland,libdems,32.26,8.0,35.74,14.87,8.72,0.0,0.0,0.41,0.0,0.0,0.0,0.0,0.0,no,libdems,3.49,15.27
598,Wantage,southeastengland,conservative,51.67,20.3,14.2,9.07,4.73,0.0,0.0,0.03,0.0,0.0,0.0,0.0,0.0,no,conservative,31.37,24.04
467,Richmond Park,london,conservative,50.74,5.98,28.1,8.49,6.63,0.0,0.0,0.06,0.0,0.0,0.0,0.0,0.0,no,conservative,22.64,6.9
486,Scarborough and Whitby,yorkshireandthehumber,conservative,41.18,29.7,8.69,14.77,4.5,0.0,0.0,1.17,0.0,0.0,0.0,0.0,0.0,no,conservative,11.49,16.5
367,Middlesbrough,northeastengland,labour,16.49,49.06,6.63,18.0,3.42,0.0,0.0,6.4,0.0,0.0,0.0,0.0,0.0,no,labour,31.07,48.68
604,Watford,eastofengland,conservative,33.71,34.88,15.67,10.43,4.41,0.0,0.0,0.91,0.0,0.0,0.0,0.0,0.0,yes,labour,1.17,2.58
352,Maldon,eastofengland,conservative,58.45,18.6,4.71,12.85,3.88,0.0,0.0,1.5,0.0,0.0,0.0,0.0,0.0,no,conservative,39.85,40.52
56,Bishop Auckland,northeastengland,labour,24.24,44.1,8.55,14.25,3.67,0.0,0.0,5.18,0.0,0.0,0.0,0.0,0.0,no,labour,19.86,12.68
112,Cardiff Central,wales,libdems,18.28,33.21,27.15,10.76,7.18,0.0,3.26,0.16,0.0,0.0,0.0,0.0,0.0,yes,labour,6.07,12.66
463,Reigate,southeastengland,conservative,47.72,15.39,11.3,16.98,7.29,0.0,0.0,1.32,0.0,0.0,0.0,0.0,0.0,no,conservative,30.74,27.19
116,Carlisle,northwestengland,conservative,36.28,39.45,3.67,15.76,4.25,0.0,0.0,0.59,0.0,0.0,0.0,0.0,0.0,yes,labour,3.17,2.02
41,"Berwickshire, Roxburgh and Selkirk",scotland,libdems,34.1,2.59,29.81,5.56,3.29,24.61,0.0,0.04,0.0,0.0,0.0,0.0,0.0,yes,conservative,4.29,11.58
305,Keighley,yorkshireandthehumber,conservative,40.7,39.89,3.73,10.35,3.77,0.0,0.0,1.55,0.0,0.0,0.0,0.0,0.0,no,conservative,0.81,6.16
273,Hayes and Harlington,london,labour,25.75,54.66,1.43,12.27,2.73,0.0,0.0,3.17,0.0,0.0,0.0,0.0,0.0,no,labour,28.91,25.39
578,Torbay,southwestengland,libdems,31.94,10.61,31.13,21.83,4.17,0.0,0.0,0.32,0.0,0.0,0.0,0.0,0.0,yes,conservative,0.81,8.29
313,Kingston upon Hull West and Hessle,yorkshireandthehumber,labour,19.44,50.2,10.34,12.74,3.21,0.0,0.0,4.07,0.0,0.0,0.0,0.0,0.0,no,labour,30.76,18.23
575,Tiverton and Honiton,southwestengland,conservative,46.68,14.58,18.2,14.82,5.7,0.0,0.0,0.03,0.0,0.0,0.0,0.0,0.0,no,conservative,28.48,16.98
497,Sherwood,eastmidlands,conservative,37.48,44.15,5.31,8.78,2.67,0.0,0.0,1.61,0.0,0.0,0.0,0.0,0.0,yes,labour,6.67,0.44
58,Blackley and Broughton,northwestengland,labour,15.38,55.37,2.65,11.94,10.26,0.0,0.0,4.41,0.0,0.0,0.0,0.0,0.0,no,labour,39.99,35.97
298,"Inverness, Nairn, Badenoch and Strathspey",scotland,libdems,12.12,12.34,24.91,3.71,1.8,43.21,0.0,1.91,0.0,0.0,0.0,0.0,0.0,yes,snp,18.3,18.61
201,East Yorkshire,yorkshireandthehumber,conservative,48.13,24.59,8.35,13.42,3.12,0.0,0.0,2.39,0.0,0.0,0.0,0.0,0.0,no,conservative,23.53,26.31
426,Norwich South,eastofengland,libdems,20.66,37.3,17.01,7.49,16.98,0.0,0.0,0.56,0.0,0.0,0.0,0.0,0.0,yes,labour,16.64,0.65
437,Orpington,london,conservative,55.68,9.47,11.96,17.04,4.84,0.0,0.0,1.02,0.0,0.0,0.0,0.0,0.0,no,conservative,38.64,35.17
164,Dartford,southeastengland,conservative,42.57,32.66,3.67,15.31,2.58,0.0,0.0,3.21,0.0,0.0,0.0,0.0,0.0,no,conservative,9.9,21.22
102,Bury South,northwestengland,labour,31.39,46.29,5.54,12.53,3.31,0.0,0.0,0.95,0.0,0.0,0.0,0.0,0.0,no,labour,14.9,6.82
336,Linlithgow and East Falkirk,scotland,labour,11.91,33.55,2.04,2.07,0.93,49.46,0.0,0.03,0.0,0.0,0.0,0.0,0.0,yes,snp,15.91,24.4
74,Bracknell,southeastengland,conservative,49.29,22.62,9.23,13.54,4.06,0.0,0.0,1.27,0.0,0.0,0.0,0.0,0.0,no,conservative,26.67,30.12
374,Monmouth,wales,conservative,43.0,29.3,6.26,12.93,6.18,0.0,2.3,0.03,0.0,0.0,0.0,0.0,0.0,no,conservative,13.7,22.41
30,Batley and Spen,yorkshireandthehumber,labour,30.13,46.28,4.03,11.32,4.92,0.0,0.0,3.32,0.0,0.0,0.0,0.0,0.0,no,labour,16.15,8.62
535,St. Albans,eastofengland,conservative,36.56,23.01,15.38,15.21,9.81,0.0,0.0,0.03,0.0,0.0,0.0,0.0,0.0,no,conservative,13.55,4.36
231,Foyle,northernireland,sdlp,0.0,0.0,0.0,0.0,0.0,0.0,0.0,11.78,30.55,42.76,2.02,12.4,0.5,no,sdlp,12.2,12.73
137,Chorley,northwestengland,labour,33.09,45.71,2.72,15.01,3.38,0.0,0.0,0.1,0.0,0.0,0.0,0.0,0.0,no,labour,12.63,5.21
356,Mansfield,eastmidlands,labour,23.35,44.92,5.63,14.46,2.77,0.0,0.0,8.87,0.0,0.0,0.0,0.0,0.0,no,labour,21.57,12.42
333,Leyton and Wanstead,london,labour,21.25,48.42,15.27,8.03,6.26,0.0,0.0,0.76,0.0,0.0,0.0,0.0,0.0,no,labour,27.17,15.98
165,Daventry,eastmidlands,conservative,54.67,19.05,8.69,12.98,4.14,0.0,0.0,0.47,0.0,0.0,0.0,0.0,0.0,no,conservative,35.62,37.06
287,Hornchurch and Upminster,london,conservative,43.97,19.38,4.32,25.36,3.01,0.0,0.0,3.94,0.0,0.0,0.0,0.0,0.0,no,conservative,18.61,30.66
553,Strangford,northernireland,dup,0.0,0.0,0.0,0.0,0.0,0.0,0.0,9.17,3.16,6.02,24.95,48.14,8.57,no,dup,23.19,18.08
238,Glasgow Central,scotland,labour,6.61,36.58,4.34,3.61,5.35,39.87,0.0,3.64,0.0,0.0,0.0,0.0,0.0,yes,snp,3.29,34.5
69,Bootle,northwestengland,labour,7.9,71.61,3.69,12.63,3.68,0.0,0.0,0.49,0.0,0.0,0.0,0.0,0.0,no,labour,58.98,51.31
143,Cleethorpes,yorkshireandthehumber,conservative,42.27,37.68,6.36,11.9,1.76,0.0,0.0,0.03,0.0,0.0,0.0,0.0,0.0,no,conservative,4.59,9.56
395,North Antrim,northernireland,dup,0.0,0.0,0.0,0.0,0.0,0.0,0.0,23.66,11.18,7.68,8.46,46.1,2.93,no,dup,22.44,29.62
171,Devizes,southwestengland,conservative,51.37,16.26,13.38,13.73,4.84,0.0,0.0,0.42,0.0,0.0,0.0,0.0,0.0,no,conservative,35.11,28.06
430,Nuneaton,westmidlands,conservative,34.86,36.68,4.82,15.1,5.79,0.0,0.0,2.75,0.0,0.0,0.0,0.0,0.0,yes,labour,1.82,4.63
214,Enfield North,london,conservative,40.76,40.16,3.8,9.87,3.66,0.0,0.0,1.76,0.0,0.0,0.0,0.0,0.0,no,conservative,0.6,3.81
271,Hastings and Rye,southeastengland,conservative,36.26,43.26,4.35,10.23,4.14,0.0,0.0,1.76,0.0,0.0,0.0,0.0,0.0,yes,labour,7.0,4
341,Livingston,scotland,labour,10.48,31.64,1.55,4.06,1.93,48.9,0.0,1.45,0.0,0.0,0.0,0.0,0.0,yes,snp,17.26,22.52
595,Walsall South,westmidlands,labour,31.73,45.43,4.81,14.99,2.6,0.0,0.0,0.44,0.0,0.0,0.0,0.0,0.0,no,labour,13.7,4.29
205,Edinburgh East,scotland,labour,10.7,27.82,5.79,3.48,7.17,41.33,0.0,3.71,0.0,0.0,0.0,0.0,0.0,yes,snp,13.51,23.03
78,Braintree,eastofengland,conservative,43.54,23.48,3.5,22.04,6.72,0.0,0.0,0.71,0.0,0.0,0.0,0.0,0.0,no,conservative,20.06,32.76
266,Harrogate and Knaresborough,yorkshireandthehumber,conservative,47.98,9.08,26.16,12.19,4.27,0.0,0.0,0.33,0.0,0.0,0.0,0.0,0.0,no,conservative,21.82,1.96
167,Denton and Reddish,northwestengland,labour,22.99,56.77,5.42,11.83,2.87,0.0,0.0,0.11,0.0,0.0,0.0,0.0,0.0,no,labour,33.79,26.12
599,Warley,westmidlands,labour,20.81,56.65,5.22,14.26,3.02,0.0,0.0,0.04,0.0,0.0,0.0,0.0,0.0,no,labour,35.84,28.11
115,Cardiff West,wales,labour,25.11,47.04,5.16,9.83,6.63,0.0,6.19,0.04,0.0,0.0,0.0,0.0,0.0,no,labour,21.93,11.6
220,Esher and Walton,southeastengland,conservative,54.7,15.18,10.68,12.84,5.52,0.0,0.0,1.08,0.0,0.0,0.0,0.0,0.0,no,conservative,39.51,34.09
311,Kingston upon Hull East,yorkshireandthehumber,labour,16.2,56.95,9.69,12.19,3.08,0.0,0.0,1.88,0.0,0.0,0.0,0.0,0.0,no,labour,40.75,25.15
383,New Forest West,southeastengland,conservative,56.11,14.4,10.16,14.91,4.39,0.0,0.0,0.03,0.0,0.0,0.0,0.0,0.0,no,conservative,41.2,35.52
174,Doncaster Central,yorkshireandthehumber,labour,23.31,46.06,7.78,14.14,2.25,0.0,0.0,6.47,0.0,0.0,0.0,0.0,0.0,no,labour,22.75,14.92
509,South Derbyshire,eastmidlands,conservative,41.34,34.28,5.6,13.35,3.35,0.0,0.0,2.08,0.0,0.0,0.0,0.0,0.0,no,conservative,7.07,14.14
80,Brent Central,london,libdems,10.35,43.68,33.28,6.76,5.5,0.0,0.0,0.43,0.0,0.0,0.0,0.0,0.0,yes,labour,10.4,2.97
37,Belfast South,northernireland,sdlp,0.0,0.0,0.0,0.0,0.0,0.0,0.0,1.77,0.0,41.51,15.42,25.91,15.4,no,sdlp,15.6,17.33
160,"Cumbernauld, Kilsyth and Kirkintilloch East",scotland,labour,7.43,38.17,2.01,2.48,1.74,47.56,0.0,0.62,0.0,0.0,0.0,0.0,0.0,yes,snp,9.39,33.43
422,North Wiltshire,southwestengland,conservative,48.96,11.83,20.76,13.6,4.79,0.0,0.0,0.07,0.0,0.0,0.0,0.0,0.0,no,conservative,28.2,15.37
193,East Ham,london,labour,13.75,73.29,3.3,5.99,3.42,0.0,0.0,0.24,0.0,0.0,0.0,0.0,0.0,no,labour,59.54,55.24
68,Bolton West,northwestengland,labour,35.38,43.59,4.91,13.42,2.59,0.0,0.0,0.12,0.0,0.0,0.0,0.0,0.0,no,labour,8.21,0.19
435,Oldham West and Royton,northwestengland,labour,21.66,50.86,5.97,15.19,2.89,0.0,0.0,3.42,0.0,0.0,0.0,0.0,0.0,no,labour,29.2,21.79
3,Aberdeen North,scotland,labour,12.33,29.19,5.4,4.09,2.94,44.88,0.0,1.17,0.0,0.0,0.0,0.0,0.0,yes,snp,15.69,22.18
16,Ashford,southeastengland,conservative,48.54,21.45,9.08,16.59,4.32,0.0,0.0,0.03,0.0,0.0,0.0,0.0,0.0,no,conservative,27.09,31.34
32,Beaconsfield,southeastengland,conservative,61.7,17.66,8.0,9.96,2.27,0.0,0.0,0.42,0.0,0.0,0.0,0.0,0.0,no,conservative,44.04,41.5
398,North Devon,southwestengland,libdems,32.96,9.73,35.07,15.66,5.24,0.0,0.0,1.35,0.0,0.0,0.0,0.0,0.0,no,libdems,2.11,11.34
151,Corby,eastmidlands,labour,31.62,40.78,3.65,18.08,4.32,0.0,0.0,1.55,0.0,0.0,0.0,0.0,0.0,no,labour,9.16,21.84
192,East Dunbartonshire,scotland,libdems,16.6,20.94,25.97,4.69,3.42,28.36,0.0,0.03,0.0,0.0,0.0,0.0,0.0,yes,snp,2.39,4.55
537,St. Helens North,northwestengland,labour,21.01,58.75,7.06,10.21,2.81,0.0,0.0,0.16,0.0,0.0,0.0,0.0,0.0,no,labour,37.74,29.4
254,Greenwich and Woolwich,london,labour,21.61,49.9,7.33,12.65,5.79,0.0,0.0,2.73,0.0,0.0,0.0,0.0,0.0,no,labour,28.3,24.65
190,East Antrim,northernireland,dup,0.0,0.0,0.0,0.0,0.0,0.0,0.0,9.56,6.12,5.86,20.53,47.19,10.74,no,dup,26.66,22.2
211,Ellesmere Port and Neston,northwestengland,labour,32.07,49.8,3.56,11.01,3.31,0.0,0.0,0.25,0.0,0.0,0.0,0.0,0.0,no,labour,17.73,9.79
441,Paisley and Renfrewshire South,scotland,labour,8.39,42.08,2.09,2.48,1.98,41.59,0.0,1.38,0.0,0.0,0.0,0.0,0.0,no,labour,0.49,41.54
208,Edinburgh South West,scotland,labour,21.42,28.89,5.5,2.39,6.68,34.4,0.0,0.72,0.0,0.0,0.0,0.0,0.0,yes,snp,5.51,18.58
325,Leicester East,eastmidlands,labour,21.31,60.1,4.67,7.45,4.53,0.0,0.0,1.93,0.0,0.0,0.0,0.0,0.0,no,labour,38.79,29.34
527,South West Norfolk,eastofengland,conservative,43.59,24.05,5.76,19.52,5.3,0.0,0.0,1.79,0.0,0.0,0.0,0.0,0.0,no,conservative,19.55,26.73
321,Leeds East,yorkshireandthehumber,labour,19.44,51.36,4.58,14.22,6.19,0.0,0.0,4.22,0.0,0.0,0.0,0.0,0.0,no,labour,31.91,27.22
397,North Cornwall,southwestengland,libdems,37.27,8.1,34.46,14.87,5.13,0.0,0.0,0.17,0.0,0.0,0.0,0.0,0.0,yes,conservative,2.81,6.36
616,West Dunbartonshire,scotland,labour,7.17,42.46,1.47,3.44,1.9,42.92,0.0,0.64,0.0,0.0,0.0,0.0,0.0,yes,snp,0.46,41.19
449,Pontypridd,wales,labour,14.18,48.25,15.58,11.14,3.39,0.0,7.0,0.46,0.0,0.0,0.0,0.0,0.0,no,labour,32.66,7.59
498,Shipley,yorkshireandthehumber,conservative,46.99,32.14,7.06,10.1,3.69,0.0,0.0,0.03,0.0,0.0,0.0,0.0,0.0,no,conservative,14.85,20.12
26,Basildon and Billericay,eastofengland,conservative,37.13,22.97,1.79,31.75,4.42,0.0,0.0,1.94,0.0,0.0,0.0,0.0,0.0,no,conservative,5.39,29.68
82,Brentford and Isleworth,london,conservative,36.76,36.16,12.13,9.93,4.25,0.0,0.0,0.77,0.0,0.0,0.0,0.0,0.0,no,conservative,0.61,3.64
611,Wentworth and Dearne,yorkshireandthehumber,labour,17.06,59.37,5.03,12.44,2.06,0.0,0.0,4.05,0.0,0.0,0.0,0.0,0.0,no,labour,42.31,33.06
301,Islington North,london,labour,13.01,58.0,14.12,8.91,5.93,0.0,0.0,0.03,0.0,0.0,0.0,0.0,0.0,no,labour,43.88,27.83
229,Folkestone and Hythe,southeastengland,conservative,44.7,15.01,14.33,18.71,5.23,0.0,0.0,2.02,0.0,0.0,0.0,0.0,0.0,no,conservative,25.99,19.17
563,Swansea East,wales,labour,10.86,53.17,5.02,16.67,6.7,0.0,5.42,2.16,0.0,0.0,0.0,0.0,0.0,no,labour,36.5,33.17
274,Hazel Grove,northwestengland,libdems,32.75,15.59,34.58,14.13,2.91,0.0,0.0,0.04,0.0,0.0,0.0,0.0,0.0,no,libdems,1.82,15.18
282,Hexham,northeastengland,conservative,43.79,22.92,14.53,11.06,3.67,0.0,0.0,4.03,0.0,0.0,0.0,0.0,0.0,no,conservative,20.87,13.31
360,Mid Bedfordshire,eastofengland,conservative,49.96,20.74,8.29,15.97,4.79,0.0,0.0,0.25,0.0,0.0,0.0,0.0,0.0,no,conservative,29.22,27.6
456,Pudsey,yorkshireandthehumber,conservative,37.82,39.66,7.68,10.31,3.76,0.0,0.0,0.76,0.0,0.0,0.0,0.0,0.0,yes,labour,1.84,3.38
195,"East Kilbride, Strathaven and Lesmahagow",scotland,labour,12.75,34.39,1.4,3.61,1.17,45.41,0.0,1.27,0.0,0.0,0.0,0.0,0.0,yes,snp,11.02,28.47
351,Makerfield,northwestengland,labour,16.94,52.47,3.97,13.99,2.65,0.0,0.0,9.96,0.0,0.0,0.0,0.0,0.0,no,labour,35.53,28.53
548,Stoke-on-Trent Central,westmidlands,labour,18.46,45.23,9.74,14.11,2.82,0.0,0.0,9.64,0.0,0.0,0.0,0.0,0.0,no,labour,26.76,17.14
264,Harborough,eastmidlands,conservative,47.06,15.61,17.41,12.72,5.23,0.0,0.0,1.98,0.0,0.0,0.0,0.0,0.0,no,conservative,29.65,17.83
643,Workington,northwestengland,labour,29.94,48.87,2.44,13.91,3.85,0.0,0.0,0.99,0.0,0.0,0.0,0.0,0.0,no,labour,18.94,11.65
212,Elmet and Rothwell,yorkshireandthehumber,conservative,40.01,36.97,5.09,12.09,4.71,0.0,0.0,1.12,0.0,0.0,0.0,0.0,0.0,no,conservative,3.04,8.1
206,Edinburgh North and Leith,scotland,labour,16.27,26.09,17.15,3.52,7.05,27.21,0.0,2.71,0.0,0.0,0.0,0.0,0.0,yes,snp,1.11,3.64
601,Warrington South,northwestengland,conservative,35.08,37.25,12.04,12.59,3.02,0.0,0.0,0.03,0.0,0.0,0.0,0.0,0.0,yes,labour,2.17,2.83
550,Stoke-on-Trent South,westmidlands,labour,25.31,45.0,5.63,12.41,2.52,0.0,0.0,9.12,0.0,0.0,0.0,0.0,0.0,no,labour,19.7,10.36
499,Shrewsbury and Atcham,westmidlands,conservative,40.54,23.4,14.9,15.02,5.62,0.0,0.0,0.52,0.0,0.0,0.0,0.0,0.0,no,conservative,17.14,14.98
359,Merthyr Tydfil and Rhymney,wales,labour,6.03,54.02,15.41,10.97,2.33,0.0,4.79,6.45,0.0,0.0,0.0,0.0,0.0,no,labour,38.61,12.64
243,Glasgow South,scotland,labour,10.62,35.13,2.26,3.13,3.45,42.96,0.0,2.44,0.0,0.0,0.0,0.0,0.0,yes,snp,7.83,31.57
417,North West Cambridgeshire,eastofengland,conservative,48.2,23.4,6.45,15.33,5.62,0.0,0.0,1.01,0.0,0.0,0.0,0.0,0.0,no,conservative,24.79,28.61
495,Sheffield Heeley,yorkshireandthehumber,labour,15.84,48.0,12.69,13.47,7.7,0.0,0.0,2.3,0.0,0.0,0.0,0.0,0.0,no,labour,32.16,14.21
95,Bromsgrove,westmidlands,conservative,40.61,24.84,8.24,16.41,4.35,0.0,0.0,5.54,0.0,0.0,0.0,0.0,0.0,no,conservative,15.77,21.9
209,Edinburgh West,scotland,libdems,22.85,14.51,22.01,3.25,6.53,30.82,0.0,0.03,0.0,0.0,0.0,0.0,0.0,yes,snp,7.96,8.19
433,Old Bexley and Sidcup,london,conservative,47.77,18.62,5.31,21.56,3.03,0.0,0.0,3.72,0.0,0.0,0.0,0.0,0.0,no,conservative,26.22,34.86
157,Croydon Central,london,conservative,37.58,37.81,4.74,11.21,4.36,0.0,0.0,4.31,0.0,0.0,0.0,0.0,0.0,yes,labour,0.24,5.8
574,Thurrock,eastofengland,conservative,25.12,33.82,1.23,32.93,2.7,0.0,0.0,4.2,0.0,0.0,0.0,0.0,0.0,yes,labour,0.89,0.2
71,Bosworth,eastmidlands,conservative,39.94,18.87,18.67,15.7,3.83,0.0,0.0,2.98,0.0,0.0,0.0,0.0,0.0,no,conservative,21.07,9.27
129,Chelsea and Fulham,london,conservative,61.92,20.75,6.88,6.05,3.96,0.0,0.0,0.44,0.0,0.0,0.0,0.0,0.0,no,conservative,41.17,41.96
339,"Liverpool, Wavertree",northwestengland,labour,6.7,59.54,16.62,10.82,6.13,0.0,0.0,0.19,0.0,0.0,0.0,0.0,0.0,no,labour,42.91,18.9
481,Rutherglen and Hamilton West,scotland,labour,10.27,45.02,1.82,4.05,1.31,37.49,0.0,0.03,0.0,0.0,0.0,0.0,0.0,no,labour,7.53,44.7
256,Hackney North and Stoke Newington,london,labour,13.42,59.0,12.09,3.66,11.34,0.0,0.0,0.49,0.0,0.0,0.0,0.0,0.0,no,labour,45.58,31.11
125,Charnwood,eastmidlands,conservative,48.63,23.8,10.31,10.35,3.91,0.0,0.0,2.99,0.0,0.0,0.0,0.0,0.0,no,conservative,24.83,28.07
408,North East Somerset,southwestengland,conservative,36.06,40.04,9.36,11.89,2.62,0.0,0.0,0.03,0.0,0.0,0.0,0.0,0.0,yes,labour,3.98,9.6
200,East Worthing and Shoreham,southeastengland,conservative,48.89,24.13,12.54,10.99,3.32,0.0,0.0,0.13,0.0,0.0,0.0,0.0,0.0,no,conservative,24.76,22.95
138,Christchurch,southwestengland,conservative,56.92,16.91,13.35,10.54,2.25,0.0,0.0,0.03,0.0,0.0,0.0,0.0,0.0,no,conservative,40.01,31.18
576,Tonbridge and Malling,southeastengland,conservative,52.56,17.08,8.9,16.44,4.35,0.0,0.0,0.67,0.0,0.0,0.0,0.0,0.0,no,conservative,35.49,35.43
512,South East Cambridgeshire,eastofengland,conservative,50.26,13.04,19.23,11.5,5.37,0.0,0.0,0.59,0.0,0.0,0.0,0.0,0.0,no,conservative,31.03,10.32
224,Faversham and Mid Kent,southeastengland,conservative,51.55,21.83,7.11,15.53,3.1,0.0,0.0,0.87,0.0,0.0,0.0,0.0,0.0,no,conservative,29.72,36.58
173,Don Valley,yorkshireandthehumber,labour,28.08,44.3,5.24,13.77,2.2,0.0,0.0,6.42,0.0,0.0,0.0,0.0,0.0,no,labour,16.22,8.28
50,Birmingham Hodge Hill,westmidlands,labour,9.44,57.63,13.74,10.84,4.64,0.0,0.0,3.71,0.0,0.0,0.0,0.0,0.0,no,labour,43.88,24.26
242,Glasgow North West,scotland,labour,9.2,39.02,4.12,3.03,4.45,37.61,0.0,2.55,0.0,0.0,0.0,0.0,0.0,no,labour,1.41,38.25
139,Cities of London and Westminster,london,conservative,48.02,22.24,8.96,12.44,8.17,0.0,0.0,0.18,0.0,0.0,0.0,0.0,0.0,no,conservative,25.78,29.99
582,Tottenham,london,labour,13.85,63.79,7.61,5.74,6.78,0.0,0.0,2.23,0.0,0.0,0.0,0.0,0.0,no,labour,49.94,41.61
457,Putney,london,conservative,49.88,28.41,6.84,9.76,4.94,0.0,0.0,0.16,0.0,0.0,0.0,0.0,0.0,no,conservative,21.47,24.65
490,Selby and Ainsty,yorkshireandthehumber,conservative,49.11,30.04,5.75,11.18,2.61,0.0,0.0,1.31,0.0,0.0,0.0,0.0,0.0,no,conservative,19.07,23.71
314,Kingswood,southwestengland,conservative,34.05,42.58,5.46,12.47,3.85,0.0,0.0,1.59,0.0,0.0,0.0,0.0,0.0,yes,labour,8.53,5.1
355,"Manchester, Withington",northwestengland,libdems,9.67,42.87,28.02,10.44,8.93,0.0,0.0,0.08,0.0,0.0,0.0,0.0,0.0,yes,labour,14.85,4.21
84,Bridgend,wales,labour,27.19,44.35,8.75,10.35,3.2,0.0,5.47,0.68,0.0,0.0,0.0,0.0,0.0,no,labour,17.16,5.9
461,Redcar,northeastengland,libdems,13.55,38.95,32.08,11.74,2.47,0.0,0.0,1.21,0.0,0.0,0.0,0.0,0.0,yes,labour,6.86,12.43
5,Airdrie and Shotts,scotland,labour,7.93,39.78,1.42,4.29,1.48,44.74,0.0,0.37,0.0,0.0,0.0,0.0,0.0,yes,snp,4.97,34.61
530,Southampton Itchen,southeastengland,labour,31.53,40.86,8.84,13.75,4.95,0.0,0.0,0.06,0.0,0.0,0.0,0.0,0.0,no,labour,9.33,0.43
63,Blyth Valley,northeastengland,labour,15.99,52.23,12.68,11.6,3.82,0.0,0.0,3.69,0.0,0.0,0.0,0.0,0.0,no,labour,36.25,17.29
372,Mitcham and Morden,london,labour,23.03,58.74,3.47,10.59,2.69,0.0,0.0,1.48,0.0,0.0,0.0,0.0,0.0,no,labour,35.71,31.2
123,Central Suffolk and North Ipswich,eastofengland,conservative,46.46,21.6,7.99,15.23,8.58,0.0,0.0,0.14,0.0,0.0,0.0,0.0,0.0,no,conservative,24.86,25.81
477,Rugby,westmidlands,conservative,38.52,33.04,7.72,14.92,5.02,0.0,0.0,0.78,0.0,0.0,0.0,0.0,0.0,no,conservative,5.48,12.64
20,Banbury,southeastengland,conservative,47.44,24.25,7.53,14.72,5.89,0.0,0.0,0.17,0.0,0.0,0.0,0.0,0.0,no,conservative,23.19,32.41
44,Bexhill and Battle,southeastengland,conservative,46.54,16.37,12.37,14.88,3.93,0.0,0.0,5.91,0.0,0.0,0.0,0.0,0.0,no,conservative,30.17,23.6
275,Hemel Hempstead,eastofengland,conservative,48.16,28.46,6.85,10.15,4.32,0.0,0.0,2.06,0.0,0.0,0.0,0.0,0.0,no,conservative,19.7,27.1
588,Uxbridge and South Ruislip,london,conservative,47.67,25.1,9.32,12.79,2.85,0.0,0.0,2.28,0.0,0.0,0.0,0.0,0.0,no,conservative,22.57,24.88
280,Hertford and Stortford,eastofengland,conservative,51.27,19.6,8.78,13.0,5.67,0.0,0.0,1.67,0.0,0.0,0.0,0.0,0.0,no,conservative,31.67,27.88
606,Wealden,southeastengland,conservative,51.81,13.59,11.12,17.99,5.47,0.0,0.0,0.03,0.0,0.0,0.0,0.0,0.0,no,conservative,33.82,31.25
158,Croydon North,london,labour,21.72,57.62,4.78,11.01,4.32,0.0,0.0,0.55,0.0,0.0,0.0,0.0,0.0,no,labour,35.9,47.87
511,South Down,northernireland,sdlp,0.0,0.0,0.0,0.0,0.0,0.0,0.0,6.49,28.62,48.54,5.72,9.4,1.23,no,sdlp,19.92,19.75
445,Perth and North Perthshire,scotland,snp,26.5,5.74,1.56,3.01,1.63,61.3,0.0,0.26,0.0,0.0,0.0,0.0,0.0,no,snp,34.8,9.07
185,Dwyfor Meirionnydd,wales,plaidcymru,19.63,17.66,2.03,10.14,4.87,0.0,43.69,1.98,0.0,0.0,0.0,0.0,0.0,no,plaidcymru,24.06,22.03
184,Dunfermline and West Fife,scotland,labour,7.94,35.77,19.42,3.91,2.26,30.66,0.0,0.03,0.0,0.0,0.0,0.0,0.0,no,labour,5.11,11.18
66,Bolton North East,northwestengland,labour,32.26,49.07,2.25,13.73,2.64,0.0,0.0,0.06,0.0,0.0,0.0,0.0,0.0,no,labour,16.82,9.44
453,Portsmouth South,southeastengland,other,30.71,19.49,27.55,14.61,5.76,0.0,0.0,1.9,0.0,0.0,0.0,0.0,0.0,yes,conservative,3.16,12.6
560,Surrey Heath,southeastengland,conservative,57.9,15.69,12.68,10.81,2.89,0.0,0.0,0.03,0.0,0.0,0.0,0.0,0.0,no,conservative,42.22,31.81
328,Leigh,northwestengland,labour,19.43,54.3,5.51,14.03,2.66,0.0,0.0,4.08,0.0,0.0,0.0,0.0,0.0,no,labour,34.88,27.09
290,Houghton and Sunderland South,northeastengland,labour,19.38,54.8,3.15,13.06,3.08,0.0,0.0,6.52,0.0,0.0,0.0,0.0,0.0,no,labour,35.42,28.91
559,Sunderland Central,northeastengland,labour,27.58,50.72,5.02,12.27,2.91,0.0,0.0,1.49,0.0,0.0,0.0,0.0,0.0,no,labour,23.14,15.84
294,Hyndburn,northwestengland,labour,31.35,46.52,1.7,14.49,2.36,0.0,0.0,3.58,0.0,0.0,0.0,0.0,0.0,no,labour,15.17,7.24
79,Brecon and Radnorshire,wales,libdems,33.0,13.89,32.18,12.35,5.71,0.0,2.7,0.17,0.0,0.0,0.0,0.0,0.0,yes,conservative,0.83,9.65
621,West Worcestershire,westmidlands,conservative,49.12,8.92,22.99,12.78,6.16,0.0,0.0,0.03,0.0,0.0,0.0,0.0,0.0,no,conservative,26.12,12.49
64,Bognor Regis and Littlehampton,southeastengland,conservative,43.49,17.51,8.95,23.62,3.88,0.0,0.0,2.56,0.0,0.0,0.0,0.0,0.0,no,conservative,19.86,27.88
475,Rother Valley,yorkshireandthehumber,labour,25.9,46.31,5.6,16.21,2.14,0.0,0.0,3.83,0.0,0.0,0.0,0.0,0.0,no,labour,20.4,12.55
566,Tatton,northwestengland,conservative,52.78,20.29,8.2,13.22,4.03,0.0,0.0,1.48,0.0,0.0,0.0,0.0,0.0,no,conservative,32.49,32.03
197,East Lothian,scotland,labour,20.23,30.66,4.61,3.96,3.03,36.76,0.0,0.75,0.0,0.0,0.0,0.0,0.0,yes,snp,6.11,24.93
240,Glasgow North,scotland,labour,6.9,32.86,12.39,3.23,6.88,34.88,0.0,2.86,0.0,0.0,0.0,0.0,0.0,yes,snp,2.01,13.16
529,South West Wiltshire,southwestengland,conservative,48.05,17.92,15.97,13.25,4.67,0.0,0.0,0.14,0.0,0.0,0.0,0.0,0.0,no,conservative,30.14,21.15
358,Meriden,westmidlands,conservative,46.74,22.81,6.67,15.18,5.61,0.0,0.0,3.0,0.0,0.0,0.0,0.0,0.0,no,conservative,23.93,31.16
510,South Dorset,southwestengland,conservative,37.1,36.27,6.62,15.15,4.8,0.0,0.0,0.06,0.0,0.0,0.0,0.0,0.0,no,conservative,0.83,14.79
241,Glasgow North East,scotland,labour,5.03,48.75,1.34,4.25,4.47,33.86,0.0,2.31,0.0,0.0,0.0,0.0,0.0,no,labour,14.9,54.21
286,Holborn and St. Pancras,london,labour,20.25,53.14,16.22,5.97,4.04,0.0,0.0,0.38,0.0,0.0,0.0,0.0,0.0,no,labour,32.89,18.19
501,Skipton and Ripon,yorkshireandthehumber,conservative,49.52,12.58,15.85,15.94,5.16,0.0,0.0,0.95,0.0,0.0,0.0,0.0,0.0,no,conservative,33.57,18.18
644,Worsley and Eccles South,northwestengland,labour,29.42,47.31,4.36,14.4,4.06,0.0,0.0,0.45,0.0,0.0,0.0,0.0,0.0,no,labour,17.9,10.4
304,Jarrow,northeastengland,labour,18.5,58.05,5.76,11.82,2.8,0.0,0.0,3.08,0.0,0.0,0.0,0.0,0.0,no,labour,39.55,33.28
567,Taunton Deane,southwestengland,libdems,37.36,9.3,34.9,13.37,5.04,0.0,0.0,0.03,0.0,0.0,0.0,0.0,0.0,yes,conservative,2.46,6.87
153,Coventry North West,westmidlands,labour,25.53,48.05,6.88,11.71,4.77,0.0,0.0,3.06,0.0,0.0,0.0,0.0,0.0,no,labour,22.51,13.51
502,Sleaford and North Hykeham,eastmidlands,conservative,48.32,19.72,7.38,14.76,3.95,0.0,0.0,5.86,0.0,0.0,0.0,0.0,0.0,no,conservative,28.6,33.44
233,Gainsborough,eastmidlands,conservative,47.19,18.8,14.84,14.19,4.04,0.0,0.0,0.94,0.0,0.0,0.0,0.0,0.0,no,conservative,28.39,21.44
105,"Caithness, Sutherland and Easter Ross",scotland,libdems,12.87,12.11,25.78,4.97,3.43,40.09,0.0,0.75,0.0,0.0,0.0,0.0,0.0,yes,snp,14.31,16.78
380,Na h-Eileanan an Iar,scotland,snp,4.0,16.32,0.95,2.45,1.31,68.82,0.0,6.15,0.0,0.0,0.0,0.0,0.0,no,snp,52.5,12.81
348,Macclesfield,northwestengland,conservative,47.82,24.71,9.34,12.83,3.92,0.0,0.0,1.37,0.0,0.0,0.0,0.0,0.0,no,conservative,23.11,23.89
337,"Liverpool, Riverside",northwestengland,labour,9.84,64.96,8.53,10.47,5.93,0.0,0.0,0.26,0.0,0.0,0.0,0.0,0.0,no,labour,54.49,36.53
521,South Suffolk,eastofengland,conservative,45.36,20.22,12.47,15.41,6.52,0.0,0.0,0.03,0.0,0.0,0.0,0.0,0.0,no,conservative,25.14,16.9
219,Erith and Thamesmead,london,labour,26.74,43.89,3.25,17.59,4.04,0.0,0.0,4.49,0.0,0.0,0.0,0.0,0.0,no,labour,17.15,13.43
518,South Ribble,northwestengland,conservative,41.58,36.54,2.85,15.43,3.32,0.0,0.0,0.28,0.0,0.0,0.0,0.0,0.0,no,conservative,5.04,10.79
460,Reading West,southeastengland,conservative,38.05,36.22,7.11,11.7,6.24,0.0,0.0,0.69,0.0,0.0,0.0,0.0,0.0,no,conservative,1.83,12.63
580,Torridge and West Devon,southwestengland,conservative,42.17,9.63,23.5,17.68,6.69,0.0,0.0,0.33,0.0,0.0,0.0,0.0,0.0,no,conservative,18.66,5.35
429,Nottingham South,eastmidlands,labour,29.5,43.34,10.93,9.29,6.2,0.0,0.0,0.74,0.0,0.0,0.0,0.0,0.0,no,labour,13.84,4.34
615,West Dorset,southwestengland,conservative,43.91,11.54,23.72,14.12,6.68,0.0,0.0,0.03,0.0,0.0,0.0,0.0,0.0,no,conservative,20.19,6.84
390,Newport East,wales,labour,19.95,44.74,15.54,12.85,3.73,0.0,1.81,1.39,0.0,0.0,0.0,0.0,0.0,no,labour,24.79,4.79
73,Bournemouth West,southwestengland,conservative,42.39,22.38,17.24,13.59,4.23,0.0,0.0,0.17,0.0,0.0,0.0,0.0,0.0,no,conservative,20.01,13.4
111,Canterbury,southeastengland,conservative,43.06,22.39,17.19,11.12,6.19,0.0,0.0,0.05,0.0,0.0,0.0,0.0,0.0,no,conservative,20.67,12.29
622,Westminster North,london,labour,35.68,46.59,4.75,6.66,6.08,0.0,0.0,0.25,0.0,0.0,0.0,0.0,0.0,no,labour,10.91,5.37
420,North West Leicestershire,eastmidlands,conservative,40.99,33.4,6.17,12.6,3.53,0.0,0.0,3.32,0.0,0.0,0.0,0.0,0.0,no,conservative,7.59,14.46
525,South West Devon,southwestengland,conservative,53.44,19.49,11.68,9.89,5.47,0.0,0.0,0.03,0.0,0.0,0.0,0.0,0.0,no,conservative,33.94,31.84
421,North West Norfolk,eastofengland,conservative,48.92,18.02,6.57,20.0,4.55,0.0,0.0,1.94,0.0,0.0,0.0,0.0,0.0,no,conservative,28.92,30.98
101,Bury North,northwestengland,conservative,38.69,38.98,4.74,13.13,3.46,0.0,0.0,1.01,0.0,0.0,0.0,0.0,0.0,yes,labour,0.29,4.99
7,Aldridge-Brownhills,westmidlands,conservative,53.42,21.94,6.47,15.36,2.67,0.0,0.0,0.15,0.0,0.0,0.0,0.0,0.0,no,conservative,31.48,39.51
375,Montgomeryshire,wales,conservative,40.23,10.09,20.83,13.61,6.79,0.0,8.09,0.35,0.0,0.0,0.0,0.0,0.0,no,conservative,19.4,3.5
538,St. Helens South and Whiston,northwestengland,labour,16.89,60.82,8.41,10.21,2.81,0.0,0.0,0.85,0.0,0.0,0.0,0.0,0.0,no,labour,43.93,30.65
455,Preston,northwestengland,labour,18.4,49.81,8.7,17.88,5.06,0.0,0.0,0.16,0.0,0.0,0.0,0.0,0.0,no,labour,31.4,23.79
81,Brent North,london,labour,29.96,51.05,7.05,6.17,4.99,0.0,0.0,0.78,0.0,0.0,0.0,0.0,0.0,no,labour,21.1,15.35
415,North Tyneside,northeastengland,labour,16.67,55.56,8.89,12.61,4.26,0.0,0.0,2.01,0.0,0.0,0.0,0.0,0.0,no,labour,38.89,27.76
406,North East Hampshire,southeastengland,conservative,58.31,14.53,11.66,11.24,4.22,0.0,0.0,0.03,0.0,0.0,0.0,0.0,0.0,no,conservative,43.77,35.13
47,Birmingham Edgbaston,westmidlands,labour,32.84,45.42,5.09,10.8,4.62,0.0,0.0,1.23,0.0,0.0,0.0,0.0,0.0,no,labour,12.57,3.06
199,East Surrey,southeastengland,conservative,56.46,13.99,12.57,12.93,3.49,0.0,0.0,0.56,0.0,0.0,0.0,0.0,0.0,no,conservative,42.47,30.88
444,Penrith and The Border,northwestengland,conservative,57.47,17.31,14.05,7.53,3.26,0.0,0.0,0.4,0.0,0.0,0.0,0.0,0.0,no,conservative,40.16,24.93
471,Romford,london,conservative,45.22,17.25,2.96,28.09,3.04,0.0,0.0,3.44,0.0,0.0,0.0,0.0,0.0,no,conservative,17.13,36.48
484,Salford and Eccles,northwestengland,labour,18.94,46.11,10.84,15.05,4.25,0.0,0.0,4.82,0.0,0.0,0.0,0.0,0.0,no,labour,27.17,13.78
639,Wolverhampton South East,westmidlands,labour,24.98,52.97,5.25,13.67,2.98,0.0,0.0,0.14,0.0,0.0,0.0,0.0,0.0,no,labour,27.98,19
42,Bethnal Green and Bow,london,labour,12.72,46.46,9.11,7.38,8.32,0.0,0.0,16.01,0.0,0.0,0.0,0.0,0.0,no,labour,30.46,22.82
591,Vauxhall,london,labour,19.05,50.97,12.13,5.84,11.64,0.0,0.0,0.38,0.0,0.0,0.0,0.0,0.0,no,labour,31.91,24.66
121,Central Ayrshire,scotland,labour,20.59,32.62,1.75,2.74,1.13,40.96,0.0,0.22,0.0,0.0,0.0,0.0,0.0,yes,snp,8.35,27.34
470,Rochford and Southend East,eastofengland,conservative,44.32,27.29,4.73,15.31,4.6,0.0,0.0,3.75,0.0,0.0,0.0,0.0,0.0,no,conservative,17.03,26.54
13,Argyll and Bute,scotland,libdems,23.25,10.68,18.63,4.29,2.57,39.22,0.0,1.36,0.0,0.0,0.0,0.0,0.0,yes,snp,15.98,7.59
300,Isle of Wight,southeastengland,conservative,42.29,15.97,15.4,17.12,5.97,0.0,0.0,3.25,0.0,0.0,0.0,0.0,0.0,no,conservative,25.17,14.98
638,Wolverhampton North East,westmidlands,labour,29.62,45.9,3.86,13.59,2.98,0.0,0.0,4.06,0.0,0.0,0.0,0.0,0.0,no,labour,16.28,7.12
24,Barnsley East,yorkshireandthehumber,labour,15.72,54.84,6.07,12.1,2.4,0.0,0.0,8.86,0.0,0.0,0.0,0.0,0.0,no,labour,39.12,28.89
35,Belfast East,northernireland,alliance,0.0,0.0,0.0,0.0,0.0,0.0,0.0,12.96,1.34,0.52,17.32,33.76,34.1,no,alliance,0.34,4.45
237,Gillingham and Rainham,southeastengland,conservative,42.67,34.64,6.19,11.39,2.73,0.0,0.0,2.37,0.0,0.0,0.0,0.0,0.0,no,conservative,8.03,18.55
303,Islwyn,wales,labour,10.79,53.64,1.45,12.88,3.58,0.0,11.41,6.25,0.0,0.0,0.0,0.0,0.0,no,labour,40.76,35.21
179,Dulwich and West Norwood,london,labour,21.2,51.54,14.95,5.63,6.65,0.0,0.0,0.03,0.0,0.0,0.0,0.0,0.0,no,labour,30.34,19.42
334,Lichfield,westmidlands,conservative,49.98,22.39,8.46,15.67,3.46,0.0,0.0,0.03,0.0,0.0,0.0,0.0,0.0,no,conservative,27.58,34.29
49,Birmingham Hall Green,westmidlands,labour,13.13,39.92,12.1,10.46,4.5,0.0,0.0,19.89,0.0,0.0,0.0,0.0,0.0,no,labour,20.03,7.8
99,Burnley,northwestengland,libdems,15.79,36.87,23.86,13.62,2.24,0.0,0.0,7.62,0.0,0.0,0.0,0.0,0.0,yes,labour,13.0,4.34
609,Wells,southwestengland,libdems,38.43,12.8,31.51,13.39,3.27,0.0,0.0,0.59,0.0,0.0,0.0,0.0,0.0,yes,conservative,6.92,1.43
612,West Aberdeenshire and Kincardine,scotland,libdems,27.38,8.46,23.04,3.09,1.78,36.06,0.0,0.2,0.0,0.0,0.0,0.0,0.0,yes,snp,8.68,8.15
127,Cheadle,northwestengland,libdems,40.29,12.16,32.65,12.34,2.53,0.0,0.0,0.03,0.0,0.0,0.0,0.0,0.0,yes,conservative,7.64,6.23
526,South West Hertfordshire,eastofengland,conservative,47.49,15.54,9.08,18.94,7.14,0.0,0.0,1.82,0.0,0.0,0.0,0.0,0.0,no,conservative,28.54,26.29
239,Glasgow East,scotland,labour,4.21,39.85,0.94,3.59,3.41,46.02,0.0,1.97,0.0,0.0,0.0,0.0,0.0,yes,snp,6.16,36.81
327,Leicester West,eastmidlands,labour,24.63,45.52,10.89,9.15,5.51,0.0,0.0,4.3,0.0,0.0,0.0,0.0,0.0,no,labour,20.89,11.21
608,Wellingborough,eastmidlands,conservative,46.47,29.72,6.93,11.42,3.03,0.0,0.0,2.42,0.0,0.0,0.0,0.0,0.0,no,conservative,16.74,22.82
248,Gosport,southeastengland,conservative,49.08,23.0,8.37,12.57,3.01,0.0,0.0,3.96,0.0,0.0,0.0,0.0,0.0,no,conservative,26.08,30.71
617,West Ham,london,labour,13.73,67.7,3.4,6.4,3.66,0.0,0.0,5.11,0.0,0.0,0.0,0.0,0.0,no,labour,53.97,47.99
46,Birkenhead,northwestengland,labour,16.03,63.53,5.08,11.15,4.16,0.0,0.0,0.06,0.0,0.0,0.0,0.0,0.0,no,labour,47.5,43.58
451,Poplar and Limehouse,london,labour,24.59,42.28,2.93,7.53,8.54,0.0,0.0,14.13,0.0,0.0,0.0,0.0,0.0,no,labour,17.69,12.91
117,Carmarthen East and Dinefwr,wales,plaidcymru,16.91,27.35,1.62,17.61,6.4,0.0,30.08,0.03,0.0,0.0,0.0,0.0,0.0,no,plaidcymru,2.73,9.16
142,Clacton,eastofengland,ukip,28.93,22.75,1.35,39.12,5.05,0.0,0.0,2.8,0.0,0.0,0.0,0.0,0.0,no,ukip,10.2,35.1
516,South Norfolk,eastofengland,conservative,43.93,17.71,10.51,17.88,9.34,0.0,0.0,0.63,0.0,0.0,0.0,0.0,0.0,no,conservative,26.05,19.89
176,Dover,southeastengland,conservative,36.19,36.86,4.0,17.55,3.86,0.0,0.0,1.53,0.0,0.0,0.0,0.0,0.0,yes,labour,0.67,10.47
170,Derbyshire Dales,eastmidlands,conservative,49.22,22.55,10.67,10.9,6.57,0.0,0.0,0.09,0.0,0.0,0.0,0.0,0.0,no,conservative,26.67,29.64
561,Sutton and Cheam,london,libdems,42.01,8.09,35.65,10.7,2.72,0.0,0.0,0.83,0.0,0.0,0.0,0.0,0.0,yes,conservative,6.36,3.31
425,Norwich North,eastofengland,conservative,37.24,37.47,6.27,11.13,7.2,0.0,0.0,0.7,0.0,0.0,0.0,0.0,0.0,yes,labour,0.23,9.16
180,Dumfries and Galloway,scotland,labour,30.67,30.49,2.39,3.69,1.74,31.0,0.0,0.02,0.0,0.0,0.0,0.0,0.0,yes,snp,0.33,14.28
146,"Coatbridge, Chryston and Bellshill",scotland,labour,7.44,46.71,1.48,3.47,1.44,39.08,0.0,0.38,0.0,0.0,0.0,0.0,0.0,no,labour,7.63,49.75
203,Eastleigh,southeastengland,libdems,32.93,13.07,30.27,19.15,4.42,0.0,0.0,0.17,0.0,0.0,0.0,0.0,0.0,yes,conservative,2.66,4.26
642,Worcester,westmidlands,conservative,38.24,34.5,7.21,12.07,6.14,0.0,0.0,1.84,0.0,0.0,0.0,0.0,0.0,no,conservative,3.74,6.09
296,Ilford South,london,labour,25.18,52.06,6.92,11.22,4.4,0.0,0.0,0.21,0.0,0.0,0.0,0.0,0.0,no,labour,26.88,22.05
483,Saffron Walden,eastofengland,conservative,55.73,15.3,10.59,12.57,5.12,0.0,0.0,0.69,0.0,0.0,0.0,0.0,0.0,no,conservative,40.43,28.03
140,City of Chester,northwestengland,conservative,37.14,41.65,8.08,9.55,2.86,0.0,0.0,0.74,0.0,0.0,0.0,0.0,0.0,yes,labour,4.51,5.52
213,Eltham,london,labour,33.36,42.44,3.77,12.43,5.69,0.0,0.0,2.32,0.0,0.0,0.0,0.0,0.0,no,labour,9.08,3.96
