id,seat,area,incumbent,conservative,labour,libdems,ukip,green,snp,plaidcymru,other,sinnfein,sdlp,uu,dup,alliance,change,party,majority
407,North East Hertfordshire,eastofengland,conservative,51.27,26.02,4.48,13.27,4.83,0.0,0.0,0.12,0.0,0.0,0.0,0.0,0.0,no,conservative,25.25
307,Kensington,london,conservative,48.89,31.57,8.58,6.49,4.37,0.0,0.0,0.09,0.0,0.0,0.0,0.0,0.0,no,conservative,17.31
573,Thornbury and Yate,southwestengland,libdems,31.67,10.65,38.41,15.3,3.68,0.0,0.0,0.29,0.0,0.0,0.0,0.0,0.0,no,libdems,6.74
506,South Antrim,northernireland,dup,0.0,0.0,0.0,0.0,0.0,0.0,0.0,13.17,13.21,7.68,23.54,35.03,7.37,no,dup,11.49
36,Belfast North,northernireland,dup,0.0,0.0,0.0,0.0,0.0,0.0,0.0,4.44,32.34,10.83,0.0,47.88,4.5,no,dup,15.54
226,Fermanagh and South Tyrone,northernireland,sinnfein,0.0,0.0,0.0,0.0,0.0,0.0,0.0,2.72,48.64,7.26,40.51,0.0,0.86,no,sinnfein,8.13
103,Bury St. Edmunds,eastofengland,conservative,46.38,26.75,6.94,13.79,6.11,0.0,0.0,0.03,0.0,0.0,0.0,0.0,0.0,no,conservative,19.64
299,Ipswich,eastofengland,conservative,31.0,40.71,3.32,17.88,6.36,0.0,0.0,0.73,0.0,0.0,0.0,0.0,0.0,yes,labour,9.71
120,Castle Point,eastofengland,conservative,41.5,12.68,2.0,35.87,3.06,0.0,0.0,4.89,0.0,0.0,0.0,0.0,0.0,no,conservative,5.63
468,Rochdale,northwestengland,labour,15.93,45.77,15.16,17.51,3.58,0.0,0.0,2.05,0.0,0.0,0.0,0.0,0.0,no,labour,28.26
381,Neath,wales,labour,10.97,49.13,2.17,13.28,3.12,0.0,20.39,0.94,0.0,0.0,0.0,0.0,0.0,no,labour,28.74
324,Leeds West,yorkshireandthehumber,labour,17.69,48.99,7.82,15.58,7.79,0.0,0.0,2.12,0.0,0.0,0.0,0.0,0.0,no,labour,31.3
515,South Leicestershire,eastmidlands,conservative,45.69,22.17,6.88,17.59,5.96,0.0,0.0,1.71,0.0,0.0,0.0,0.0,0.0,no,conservative,23.52
17,Ashton-under-Lyne,northwestengland,labour,21.4,56.64,2.19,13.89,3.33,0.0,0.0,2.55,0.0,0.0,0.0,0.0,0.0,no,labour,35.25
217,Epsom and Ewell,southeastengland,conservative,55.64,19.54,10.59,10.43,3.73,0.0,0.0,0.08,0.0,0.0,0.0,0.0,0.0,no,conservative,36.11
594,Walsall North,westmidlands,labour,29.0,38.72,3.42,20.76,2.57,0.0,0.0,5.53,0.0,0.0,0.0,0.0,0.0,no,labour,9.72
443,Penistone and Stocksbridge,yorkshireandthehumber,labour,30.29,47.29,6.19,11.47,2.73,0.0,0.0,2.02,0.0,0.0,0.0,0.0,0.0,no,labour,17.01
382,New Forest East,southeastengland,conservative,50.67,16.18,12.77,15.6,4.75,0.0,0.0,0.03,0.0,0.0,0.0,0.0,0.0,no,conservative,34.5
136,Chipping Barnet,london,conservative,44.35,29.1,8.37,12.19,5.86,0.0,0.0,0.14,0.0,0.0,0.0,0.0,0.0,no,conservative,15.25
309,Kilmarnock and Loudoun,scotland,labour,12.47,33.94,0.98,2.09,0.61,49.88,0.0,0.03,0.0,0.0,0.0,0.0,0.0,yes,snp,15.94
308,Kettering,eastmidlands,conservative,44.52,30.73,3.42,15.32,4.29,0.0,0.0,1.73,0.0,0.0,0.0,0.0,0.0,no,conservative,13.79
436,Orkney and Shetland,scotland,libdems,10.87,3.58,51.49,1.95,1.49,30.55,0.0,0.08,0.0,0.0,0.0,0.0,0.0,no,libdems,20.94
1,Aberavon,wales,labour,12.04,54.78,2.81,14.82,3.45,0.0,7.52,4.59,0.0,0.0,0.0,0.0,0.0,no,labour,39.96
474,Rossendale and Darwen,northwestengland,conservative,41.62,41.48,3.98,9.38,2.59,0.0,0.0,0.94,0.0,0.0,0.0,0.0,0.0,no,conservative,0.13
62,Blaydon,northeastengland,labour,13.8,55.73,9.93,14.24,4.81,0.0,0.0,1.5,0.0,0.0,0.0,0.0,0.0,no,labour,41.49
623,Westmorland and Lonsdale,northwestengland,libdems,32.35,3.81,41.7,14.75,7.32,0.0,0.0,0.07,0.0,0.0,0.0,0.0,0.0,no,libdems,9.35
596,Walthamstow,london,labour,11.42,59.76,14.71,7.73,6.15,0.0,0.0,0.23,0.0,0.0,0.0,0.0,0.0,no,labour,45.05
581,Totnes,southwestengland,conservative,49.45,13.15,18.64,12.22,5.8,0.0,0.0,0.73,0.0,0.0,0.0,0.0,0.0,no,conservative,30.81
234,Garston and Halewood,northwestengland,labour,13.72,69.4,5.19,9.05,2.55,0.0,0.0,0.09,0.0,0.0,0.0,0.0,0.0,no,labour,55.69
602,Warwick and Leamington,westmidlands,conservative,38.54,34.19,4.97,13.71,8.54,0.0,0.0,0.04,0.0,0.0,0.0,0.0,0.0,no,conservative,4.35
132,Chesterfield,eastmidlands,labour,14.52,45.3,19.96,14.63,5.06,0.0,0.0,0.53,0.0,0.0,0.0,0.0,0.0,no,labour,25.35
183,Dundee West,scotland,labour,7.45,29.07,2.46,1.62,2.35,56.8,0.0,0.26,0.0,0.0,0.0,0.0,0.0,yes,snp,27.74
431,Ochil and South Perthshire,scotland,labour,18.32,23.44,2.1,2.18,1.08,52.72,0.0,0.16,0.0,0.0,0.0,0.0,0.0,yes,snp,29.28
270,Harwich and North Essex,eastofengland,conservative,48.72,33.16,5.32,8.8,3.56,0.0,0.0,0.44,0.0,0.0,0.0,0.0,0.0,no,conservative,15.56
90,Bristol North West,southwestengland,conservative,42.94,34.35,8.5,8.01,6.18,0.0,0.0,0.01,0.0,0.0,0.0,0.0,0.0,no,conservative,8.59
4,Aberdeen South,scotland,labour,21.43,25.89,14.63,2.34,1.27,33.58,0.0,0.87,0.0,0.0,0.0,0.0,0.0,yes,snp,7.69
210,Edmonton,london,labour,24.91,58.97,2.0,9.97,3.85,0.0,0.0,0.3,0.0,0.0,0.0,0.0,0.0,no,labour,34.06
279,Hereford and South Herefordshire,westmidlands,conservative,46.24,8.19,20.89,16.5,7.87,0.0,0.0,0.31,0.0,0.0,0.0,0.0,0.0,no,conservative,25.34
402,North East Bedfordshire,eastofengland,conservative,53.55,25.69,3.45,12.59,4.37,0.0,0.0,0.36,0.0,0.0,0.0,0.0,0.0,no,conservative,27.87
493,Sheffield Central,yorkshireandthehumber,labour,8.89,48.37,19.14,14.07,9.19,0.0,0.0,0.33,0.0,0.0,0.0,0.0,0.0,no,labour,29.23
631,Witham,eastofengland,conservative,52.82,30.05,3.31,10.58,3.21,0.0,0.0,0.04,0.0,0.0,0.0,0.0,0.0,no,conservative,22.77
202,Eastbourne,southeastengland,libdems,33.42,8.49,36.15,15.85,3.41,0.0,0.0,2.67,0.0,0.0,0.0,0.0,0.0,no,libdems,2.73
283,Heywood and Middleton,northwestengland,labour,23.69,48.01,6.64,16.8,3.44,0.0,0.0,1.41,0.0,0.0,0.0,0.0,0.0,no,labour,24.33
252,Great Grimsby,yorkshireandthehumber,labour,23.96,41.55,5.01,25.39,2.04,0.0,0.0,2.04,0.0,0.0,0.0,0.0,0.0,no,labour,16.16
114,Cardiff South and Penarth,wales,labour,25.91,43.32,6.86,12.38,6.45,0.0,4.69,0.38,0.0,0.0,0.0,0.0,0.0,no,labour,17.41
533,Southport,northwestengland,libdems,30.75,13.15,35.38,16.67,3.77,0.0,0.0,0.28,0.0,0.0,0.0,0.0,0.0,no,libdems,4.63
67,Bolton South East,northwestengland,labour,21.58,54.03,2.46,17.4,3.31,0.0,0.0,1.22,0.0,0.0,0.0,0.0,0.0,no,labour,32.44
590,Vale of Glamorgan,wales,conservative,37.75,32.57,3.07,13.22,4.34,0.0,8.56,0.49,0.0,0.0,0.0,0.0,0.0,no,conservative,5.18
104,Caerphilly,wales,labour,14.36,46.8,2.1,15.31,3.33,0.0,16.81,1.3,0.0,0.0,0.0,0.0,0.0,no,labour,29.99
377,Morecambe and Lunesdale,northwestengland,conservative,35.71,41.87,4.2,12.78,4.68,0.0,0.0,0.76,0.0,0.0,0.0,0.0,0.0,yes,labour,6.16
168,Derby North,eastmidlands,labour,26.85,38.27,11.55,16.63,4.74,0.0,0.0,1.97,0.0,0.0,0.0,0.0,0.0,no,labour,11.42
627,Winchester,southeastengland,conservative,50.92,11.17,24.37,8.13,5.26,0.0,0.0,0.15,0.0,0.0,0.0,0.0,0.0,no,conservative,26.55
541,Staffordshire Moorlands,westmidlands,conservative,43.21,30.55,3.87,18.11,4.22,0.0,0.0,0.03,0.0,0.0,0.0,0.0,0.0,no,conservative,12.66
467,Richmond Park,london,conservative,49.28,7.5,27.52,8.7,6.94,0.0,0.0,0.06,0.0,0.0,0.0,0.0,0.0,no,conservative,21.76
642,Worcester,westmidlands,conservative,38.94,33.86,4.49,13.96,7.18,0.0,0.0,1.58,0.0,0.0,0.0,0.0,0.0,no,conservative,5.08
370,Milton Keynes North,southeastengland,conservative,38.47,35.13,6.36,13.77,4.77,0.0,0.0,1.5,0.0,0.0,0.0,0.0,0.0,no,conservative,3.34
452,Portsmouth North,southeastengland,conservative,38.78,35.78,5.08,13.53,5.54,0.0,0.0,1.28,0.0,0.0,0.0,0.0,0.0,no,conservative,2.99
633,Wolverhampton South West,westmidlands,conservative,37.12,41.59,3.72,14.38,2.88,0.0,0.0,0.32,0.0,0.0,0.0,0.0,0.0,yes,labour,4.48
442,Pendle,northwestengland,conservative,39.65,36.8,7.25,11.24,3.81,0.0,0.0,1.24,0.0,0.0,0.0,0.0,0.0,no,conservative,2.85
369,Midlothian,scotland,labour,11.4,32.55,5.81,2.19,1.28,46.01,0.0,0.77,0.0,0.0,0.0,0.0,0.0,yes,snp,13.46
141,City of Durham,northeastengland,labour,19.56,59.69,5.43,5.21,9.06,0.0,0.0,1.05,0.0,0.0,0.0,0.0,0.0,no,labour,40.13
371,Milton Keynes South,southeastengland,conservative,36.85,39.29,7.18,10.63,4.12,0.0,0.0,1.95,0.0,0.0,0.0,0.0,0.0,yes,labour,2.44
21,Banff and Buchan,scotland,snp,25.17,4.48,1.84,1.99,0.6,65.18,0.0,0.75,0.0,0.0,0.0,0.0,0.0,no,snp,40.01
466,Richmond (Yorks),yorkshireandthehumber,conservative,64.86,20.44,5.06,6.67,2.9,0.0,0.0,0.07,0.0,0.0,0.0,0.0,0.0,no,conservative,44.41
207,Edinburgh South,scotland,labour,16.63,32.68,9.23,1.12,4.0,35.4,0.0,0.94,0.0,0.0,0.0,0.0,0.0,yes,snp,2.72
135,Chippenham,southwestengland,libdems,38.69,11.93,29.7,14.52,4.68,0.0,0.0,0.47,0.0,0.0,0.0,0.0,0.0,yes,conservative,8.99
98,Buckingham,southeastengland,other,0.0,0.0,0.0,0.0,0.0,0.0,0.0,100.0,0.0,0.0,0.0,0.0,0.0,no,other,100.0
181,"Dumfriesshire, Clydesdale and Tweeddale",scotland,conservative,30.79,16.84,4.98,3.95,1.97,41.48,0.0,0.0,0.0,0.0,0.0,0.0,0.0,yes,snp,10.69
75,Bradford East,yorkshireandthehumber,libdems,20.74,38.58,21.54,12.48,4.21,0.0,0.0,2.46,0.0,0.0,0.0,0.0,0.0,yes,labour,17.04
488,Sedgefield,northeastengland,labour,20.76,51.1,4.41,15.87,4.51,0.0,0.0,3.35,0.0,0.0,0.0,0.0,0.0,no,labour,30.34
543,Stevenage,eastofengland,conservative,34.87,41.95,3.55,15.02,3.76,0.0,0.0,0.84,0.0,0.0,0.0,0.0,0.0,yes,labour,7.08
552,Stourbridge,westmidlands,conservative,39.42,37.33,4.04,15.17,3.04,0.0,0.0,1.01,0.0,0.0,0.0,0.0,0.0,no,conservative,2.09
360,Mid Bedfordshire,eastofengland,conservative,48.85,23.18,5.22,17.11,5.44,0.0,0.0,0.2,0.0,0.0,0.0,0.0,0.0,no,conservative,25.68
144,Clwyd South,wales,labour,27.51,42.46,3.54,13.39,3.02,0.0,9.37,0.7,0.0,0.0,0.0,0.0,0.0,no,labour,14.95
284,High Peak,eastmidlands,conservative,39.5,37.3,6.99,10.08,5.22,0.0,0.0,0.92,0.0,0.0,0.0,0.0,0.0,no,conservative,2.2
259,Halifax,yorkshireandthehumber,labour,29.34,43.3,5.21,14.23,4.76,0.0,0.0,3.16,0.0,0.0,0.0,0.0,0.0,no,labour,13.96
438,Oxford East,southeastengland,labour,14.03,50.2,12.72,7.29,15.71,0.0,0.0,0.05,0.0,0.0,0.0,0.0,0.0,no,labour,34.49
542,Stalybridge and Hyde,northwestengland,labour,29.78,48.59,3.34,13.72,3.29,0.0,0.0,1.28,0.0,0.0,0.0,0.0,0.0,no,labour,18.81
221,Exeter,southwestengland,labour,27.69,44.8,5.17,13.5,7.9,0.0,0.0,0.95,0.0,0.0,0.0,0.0,0.0,no,labour,17.11
113,Cardiff North,wales,conservative,33.93,39.38,4.68,11.8,5.34,0.0,4.55,0.32,0.0,0.0,0.0,0.0,0.0,yes,labour,5.46
347,Luton South,eastofengland,labour,25.49,50.23,3.68,11.6,3.44,0.0,0.0,5.56,0.0,0.0,0.0,0.0,0.0,no,labour,24.74
108,Camborne and Redruth,southwestengland,conservative,37.06,23.84,14.54,15.19,7.18,0.0,0.0,2.19,0.0,0.0,0.0,0.0,0.0,no,conservative,13.23
9,Alyn and Deeside,wales,labour,28.87,42.81,4.11,15.93,3.19,0.0,4.26,0.83,0.0,0.0,0.0,0.0,0.0,no,labour,13.93
500,Sittingbourne and Sheppey,southeastengland,conservative,36.15,26.74,2.03,29.68,3.8,0.0,0.0,1.59,0.0,0.0,0.0,0.0,0.0,no,conservative,6.47
601,Warrington South,northwestengland,conservative,32.04,38.33,11.18,14.8,3.37,0.0,0.0,0.27,0.0,0.0,0.0,0.0,0.0,yes,labour,6.28
586,Tynemouth,northeastengland,labour,30.08,50.08,2.08,12.66,4.73,0.0,0.0,0.37,0.0,0.0,0.0,0.0,0.0,no,labour,19.99
394,"Normanton, Pontefract and Castleford",yorkshireandthehumber,labour,22.21,55.72,2.77,11.19,2.75,0.0,0.0,5.36,0.0,0.0,0.0,0.0,0.0,no,labour,33.52
637,Wokingham,southeastengland,conservative,50.69,16.69,10.98,14.27,4.03,0.0,0.0,3.33,0.0,0.0,0.0,0.0,0.0,no,conservative,34.0
411,North Shropshire,westmidlands,conservative,50.2,19.21,6.49,16.82,6.33,0.0,0.0,0.94,0.0,0.0,0.0,0.0,0.0,no,conservative,31.0
63,Blyth Valley,northeastengland,labour,15.49,53.85,9.59,13.04,4.72,0.0,0.0,3.32,0.0,0.0,0.0,0.0,0.0,no,labour,38.36
419,North West Hampshire,southeastengland,conservative,55.97,20.48,7.89,12.8,2.83,0.0,0.0,0.03,0.0,0.0,0.0,0.0,0.0,no,conservative,35.49
250,Grantham and Stamford,eastmidlands,conservative,45.38,18.83,7.38,19.73,6.07,0.0,0.0,2.62,0.0,0.0,0.0,0.0,0.0,no,conservative,25.65
133,Chichester,southeastengland,conservative,51.2,16.43,10.26,15.58,6.51,0.0,0.0,0.03,0.0,0.0,0.0,0.0,0.0,no,conservative,34.77
373,Mole Valley,southeastengland,conservative,56.63,12.6,11.99,13.11,5.64,0.0,0.0,0.03,0.0,0.0,0.0,0.0,0.0,no,conservative,43.52
45,Bexleyheath and Crayford,london,conservative,41.81,27.8,3.03,22.09,3.17,0.0,0.0,2.1,0.0,0.0,0.0,0.0,0.0,no,conservative,14.01
565,Tamworth,westmidlands,conservative,45.0,34.21,3.54,14.22,2.96,0.0,0.0,0.08,0.0,0.0,0.0,0.0,0.0,no,conservative,10.79
513,South East Cornwall,southwestengland,conservative,46.23,12.09,19.89,16.64,4.94,0.0,0.0,0.2,0.0,0.0,0.0,0.0,0.0,no,conservative,26.34
88,Brighton Pavilion,southeastengland,green,18.82,31.91,3.06,6.15,39.77,0.0,0.0,0.29,0.0,0.0,0.0,0.0,0.0,no,green,7.86
285,Hitchin and Harpenden,eastofengland,conservative,53.53,22.71,6.64,11.27,5.74,0.0,0.0,0.11,0.0,0.0,0.0,0.0,0.0,no,conservative,30.82
193,East Ham,london,labour,11.96,76.02,2.57,5.82,3.4,0.0,0.0,0.23,0.0,0.0,0.0,0.0,0.0,no,labour,64.06
410,North Norfolk,eastofengland,libdems,26.98,10.63,33.27,21.5,7.6,0.0,0.0,0.03,0.0,0.0,0.0,0.0,0.0,no,libdems,6.28
570,The Cotswolds,southwestengland,conservative,54.06,16.94,12.91,12.14,3.84,0.0,0.0,0.12,0.0,0.0,0.0,0.0,0.0,no,conservative,37.12
83,Brentwood and Ongar,eastofengland,conservative,55.63,17.48,4.46,16.27,4.52,0.0,0.0,1.64,0.0,0.0,0.0,0.0,0.0,no,conservative,38.14
262,Hammersmith,london,labour,29.41,47.13,4.96,9.91,8.43,0.0,0.0,0.16,0.0,0.0,0.0,0.0,0.0,no,labour,17.71
364,Mid Sussex,southeastengland,conservative,46.36,11.35,16.89,17.75,7.18,0.0,0.0,0.48,0.0,0.0,0.0,0.0,0.0,no,conservative,28.61
323,Leeds North West,yorkshireandthehumber,libdems,23.39,24.21,30.55,14.31,7.19,0.0,0.0,0.33,0.0,0.0,0.0,0.0,0.0,no,libdems,6.34
585,Twickenham,london,libdems,31.55,13.48,41.0,7.41,5.91,0.0,0.0,0.65,0.0,0.0,0.0,0.0,0.0,no,libdems,9.45
470,Rochford and Southend East,eastofengland,conservative,43.02,29.97,2.97,16.31,5.2,0.0,0.0,2.53,0.0,0.0,0.0,0.0,0.0,no,conservative,13.05
332,"Lewisham, Deptford",london,labour,11.23,62.96,11.16,6.46,7.76,0.0,0.0,0.42,0.0,0.0,0.0,0.0,0.0,no,labour,51.73
312,Kingston upon Hull North,yorkshireandthehumber,labour,12.69,50.19,18.21,13.43,4.0,0.0,0.0,1.48,0.0,0.0,0.0,0.0,0.0,no,labour,31.98
487,Scunthorpe,yorkshireandthehumber,labour,29.08,45.2,3.98,16.88,4.16,0.0,0.0,0.71,0.0,0.0,0.0,0.0,0.0,no,labour,16.12
556,Stretford and Urmston,northwestengland,labour,25.17,56.92,3.27,10.05,4.54,0.0,0.0,0.06,0.0,0.0,0.0,0.0,0.0,no,labour,31.75
522,South Swindon,southwestengland,conservative,37.38,36.53,5.98,16.09,4.01,0.0,0.0,0.0,0.0,0.0,0.0,0.0,0.0,no,conservative,0.85
130,Cheltenham,southwestengland,libdems,36.71,8.24,36.09,13.06,5.55,0.0,0.0,0.35,0.0,0.0,0.0,0.0,0.0,yes,conservative,0.62
361,Mid Derbyshire,eastmidlands,conservative,48.08,27.79,7.11,11.73,4.07,0.0,0.0,1.22,0.0,0.0,0.0,0.0,0.0,no,conservative,20.29
400,North Down,northernireland,other,0.0,0.0,0.0,0.0,0.14,0.0,0.0,81.29,0.45,1.26,12.37,0.0,4.49,no,other,68.92
29,Bath,southwestengland,libdems,29.23,11.2,39.74,7.82,11.88,0.0,0.0,0.13,0.0,0.0,0.0,0.0,0.0,no,libdems,10.51
549,Stoke-on-Trent North,westmidlands,labour,23.59,50.05,4.75,14.14,2.9,0.0,0.0,4.58,0.0,0.0,0.0,0.0,0.0,no,labour,26.46
554,Stratford-on-Avon,westmidlands,conservative,55.32,11.38,13.22,13.0,4.59,0.0,0.0,2.49,0.0,0.0,0.0,0.0,0.0,no,conservative,42.1
31,Battersea,london,conservative,50.43,38.39,6.05,2.09,3.05,0.0,0.0,0.0,0.0,0.0,0.0,0.0,0.0,no,conservative,12.03
322,Leeds North East,yorkshireandthehumber,labour,28.51,46.96,4.36,13.15,6.62,0.0,0.0,0.39,0.0,0.0,0.0,0.0,0.0,no,labour,18.45
177,Dudley North,westmidlands,labour,31.3,39.41,1.87,21.97,2.95,0.0,0.0,2.5,0.0,0.0,0.0,0.0,0.0,no,labour,8.11
87,Brighton Kemptown,southeastengland,conservative,34.54,45.24,4.34,7.69,8.13,0.0,0.0,0.07,0.0,0.0,0.0,0.0,0.0,yes,labour,10.7
128,Chelmsford,eastofengland,conservative,43.52,18.61,12.93,19.41,5.16,0.0,0.0,0.38,0.0,0.0,0.0,0.0,0.0,no,conservative,24.11
546,Stockton North,northeastengland,labour,23.45,49.66,2.34,15.1,3.51,0.0,0.0,5.94,0.0,0.0,0.0,0.0,0.0,no,labour,26.21
605,Waveney,eastofengland,conservative,30.12,42.26,2.04,18.28,7.03,0.0,0.0,0.27,0.0,0.0,0.0,0.0,0.0,yes,labour,12.14
96,Broxbourne,eastofengland,conservative,50.7,24.87,1.91,17.05,3.06,0.0,0.0,2.41,0.0,0.0,0.0,0.0,0.0,no,conservative,25.83
126,Chatham and Aylesford,southeastengland,conservative,40.15,40.53,1.88,12.04,2.98,0.0,0.0,2.42,0.0,0.0,0.0,0.0,0.0,yes,labour,0.38
624,Weston-Super-Mare,southwestengland,conservative,42.94,16.5,18.72,15.95,5.17,0.0,0.0,0.71,0.0,0.0,0.0,0.0,0.0,no,conservative,24.22
28,Bassetlaw,eastmidlands,labour,28.7,50.95,1.54,15.24,3.46,0.0,0.0,0.11,0.0,0.0,0.0,0.0,0.0,no,labour,22.25
230,Forest of Dean,southwestengland,conservative,43.62,30.98,6.53,14.48,4.36,0.0,0.0,0.03,0.0,0.0,0.0,0.0,0.0,no,conservative,12.65
496,Sheffield South East,yorkshireandthehumber,labour,14.98,53.87,6.82,13.56,8.85,0.0,0.0,1.91,0.0,0.0,0.0,0.0,0.0,no,labour,38.88
489,Sefton Central,northwestengland,labour,29.23,48.59,4.82,13.47,3.87,0.0,0.0,0.03,0.0,0.0,0.0,0.0,0.0,no,labour,19.36
597,Wansbeck,northeastengland,labour,16.22,54.81,9.66,12.98,4.7,0.0,0.0,1.63,0.0,0.0,0.0,0.0,0.0,no,labour,38.59
302,Islington South and Finsbury,london,labour,16.32,49.57,18.69,9.08,6.18,0.0,0.0,0.15,0.0,0.0,0.0,0.0,0.0,no,labour,30.88
514,South Holland and The Deepings,eastmidlands,conservative,57.78,16.0,3.9,18.3,3.07,0.0,0.0,0.94,0.0,0.0,0.0,0.0,0.0,no,conservative,39.49
494,Sheffield Hallam,yorkshireandthehumber,libdems,15.42,36.69,36.38,7.29,4.21,0.0,0.0,0.02,0.0,0.0,0.0,0.0,0.0,yes,labour,0.3
11,Angus,scotland,snp,25.35,6.42,1.6,2.58,0.87,63.15,0.0,0.03,0.0,0.0,0.0,0.0,0.0,no,snp,37.8
196,East Londonderry,northernireland,dup,0.0,0.0,0.0,0.0,0.0,0.0,0.0,16.08,18.07,13.84,12.07,34.84,5.1,no,dup,16.77
249,Gower,wales,labour,30.34,44.15,4.87,9.26,3.5,0.0,7.51,0.36,0.0,0.0,0.0,0.0,0.0,no,labour,13.81
540,Stafford,westmidlands,conservative,43.31,34.71,3.62,14.42,3.61,0.0,0.0,0.33,0.0,0.0,0.0,0.0,0.0,no,conservative,8.59
318,Lanark and Hamilton East,scotland,labour,14.28,34.67,2.18,2.2,0.41,46.06,0.0,0.21,0.0,0.0,0.0,0.0,0.0,yes,snp,11.39
297,Inverclyde,scotland,labour,11.74,40.7,3.51,1.84,0.53,41.65,0.0,0.04,0.0,0.0,0.0,0.0,0.0,yes,snp,0.96
268,Harrow West,london,labour,31.58,49.54,5.52,9.34,3.99,0.0,0.0,0.03,0.0,0.0,0.0,0.0,0.0,no,labour,17.96
340,"Liverpool, West Derby",northwestengland,labour,6.76,68.02,1.72,12.28,6.75,0.0,0.0,4.48,0.0,0.0,0.0,0.0,0.0,no,labour,55.74
187,Ealing North,london,labour,26.66,57.54,3.65,6.84,4.76,0.0,0.0,0.55,0.0,0.0,0.0,0.0,0.0,no,labour,30.88
544,Stirling,scotland,labour,23.19,28.33,4.15,1.82,1.71,40.55,0.0,0.25,0.0,0.0,0.0,0.0,0.0,yes,snp,12.22
198,East Renfrewshire,scotland,labour,20.11,36.01,2.98,1.01,1.0,38.88,0.0,0.0,0.0,0.0,0.0,0.0,0.0,yes,snp,2.86
317,Lagan Valley,northernireland,dup,0.0,0.0,0.0,0.0,0.0,0.0,0.0,17.83,3.41,4.05,14.66,49.36,10.68,no,dup,31.53
156,Crewe and Nantwich,northwestengland,conservative,39.21,41.19,3.71,13.37,1.63,0.0,0.0,0.89,0.0,0.0,0.0,0.0,0.0,yes,labour,1.98
504,Solihull,westmidlands,libdems,38.45,9.98,28.41,16.1,6.02,0.0,0.0,1.04,0.0,0.0,0.0,0.0,0.0,yes,conservative,10.04
618,West Lancashire,northwestengland,labour,28.86,48.0,1.8,16.84,4.43,0.0,0.0,0.06,0.0,0.0,0.0,0.0,0.0,no,labour,19.13
480,Rushcliffe,eastmidlands,conservative,47.15,21.93,7.5,13.7,9.69,0.0,0.0,0.03,0.0,0.0,0.0,0.0,0.0,no,conservative,25.22
253,Great Yarmouth,eastofengland,conservative,35.54,33.95,1.98,23.6,3.96,0.0,0.0,0.97,0.0,0.0,0.0,0.0,0.0,no,conservative,1.6
459,Reading East,southeastengland,conservative,37.72,33.68,9.72,12.53,6.29,0.0,0.0,0.05,0.0,0.0,0.0,0.0,0.0,no,conservative,4.04
23,Barnsley Central,yorkshireandthehumber,labour,16.09,56.56,3.67,12.96,3.04,0.0,0.0,7.68,0.0,0.0,0.0,0.0,0.0,no,labour,40.48
508,South Cambridgeshire,eastofengland,conservative,41.9,16.48,10.33,18.01,12.59,0.0,0.0,0.68,0.0,0.0,0.0,0.0,0.0,no,conservative,23.89
610,Welwyn Hatfield,eastofengland,conservative,48.6,28.96,2.31,14.55,5.53,0.0,0.0,0.05,0.0,0.0,0.0,0.0,0.0,no,conservative,19.64
532,Southend West,eastofengland,conservative,44.04,22.19,8.19,16.66,6.47,0.0,0.0,2.45,0.0,0.0,0.0,0.0,0.0,no,conservative,21.85
33,Beckenham,london,conservative,51.7,17.1,8.41,17.38,5.04,0.0,0.0,0.37,0.0,0.0,0.0,0.0,0.0,no,conservative,34.32
634,Wyre and Preston North,northwestengland,conservative,46.17,24.6,5.6,19.78,3.83,0.0,0.0,0.03,0.0,0.0,0.0,0.0,0.0,no,conservative,21.57
182,Dundee East,scotland,snp,13.26,17.87,1.62,1.24,0.54,65.04,0.0,0.43,0.0,0.0,0.0,0.0,0.0,no,snp,47.18
485,Salisbury,southwestengland,conservative,49.23,12.62,17.76,15.33,4.64,0.0,0.0,0.42,0.0,0.0,0.0,0.0,0.0,no,conservative,31.47
148,Colne Valley,yorkshireandthehumber,conservative,37.34,35.13,8.3,11.2,6.07,0.0,0.0,1.96,0.0,0.0,0.0,0.0,0.0,no,conservative,2.21
48,Birmingham Erdington,westmidlands,labour,30.16,44.19,3.2,13.28,5.67,0.0,0.0,3.5,0.0,0.0,0.0,0.0,0.0,no,labour,14.02
295,Ilford North,london,conservative,41.01,38.24,3.32,11.82,4.74,0.0,0.0,0.88,0.0,0.0,0.0,0.0,0.0,no,conservative,2.76
315,Kirkcaldy and Cowdenbeath,scotland,labour,8.11,43.9,2.24,2.56,1.97,41.15,0.0,0.07,0.0,0.0,0.0,0.0,0.0,no,labour,2.75
640,Wyre Forest,westmidlands,conservative,34.4,16.25,2.26,21.61,5.28,0.0,0.0,20.2,0.0,0.0,0.0,0.0,0.0,no,conservative,12.78
446,Peterborough,eastofengland,conservative,31.67,33.67,8.85,18.87,3.99,0.0,0.0,2.94,0.0,0.0,0.0,0.0,0.0,yes,labour,2.0
216,Epping Forest,eastofengland,conservative,45.08,20.36,2.98,23.85,6.19,0.0,0.0,1.54,0.0,0.0,0.0,0.0,0.0,no,conservative,21.24
524,South West Bedfordshire,eastofengland,conservative,46.18,27.72,2.91,17.08,5.42,0.0,0.0,0.69,0.0,0.0,0.0,0.0,0.0,no,conservative,18.46
649,Wrexham,wales,labour,23.09,41.23,9.08,15.32,3.63,0.0,6.79,0.86,0.0,0.0,0.0,0.0,0.0,no,labour,18.15
384,Newark,eastmidlands,conservative,54.47,25.82,7.0,9.57,3.11,0.0,0.0,0.03,0.0,0.0,0.0,0.0,0.0,no,conservative,28.65
520,South Staffordshire,westmidlands,conservative,52.23,21.57,3.84,16.14,4.53,0.0,0.0,1.69,0.0,0.0,0.0,0.0,0.0,no,conservative,30.66
72,Bournemouth East,southwestengland,conservative,48.11,19.69,13.49,14.7,3.93,0.0,0.0,0.09,0.0,0.0,0.0,0.0,0.0,no,conservative,28.42
89,Bristol East,southwestengland,labour,25.99,47.21,8.48,7.7,8.13,0.0,0.0,2.5,0.0,0.0,0.0,0.0,0.0,no,labour,21.22
607,Weaver Vale,northwestengland,conservative,34.71,42.01,4.59,14.57,3.48,0.0,0.0,0.64,0.0,0.0,0.0,0.0,0.0,yes,labour,7.3
244,Glasgow South West,scotland,labour,5.94,35.1,1.87,2.84,1.18,51.79,0.0,1.28,0.0,0.0,0.0,0.0,0.0,yes,snp,16.68
423,Northampton North,eastmidlands,conservative,31.83,32.25,11.06,18.35,5.19,0.0,0.0,1.32,0.0,0.0,0.0,0.0,0.0,yes,labour,0.42
632,Witney,southeastengland,conservative,57.15,19.73,5.23,11.69,5.72,0.0,0.0,0.48,0.0,0.0,0.0,0.0,0.0,no,conservative,37.42
342,Llanelli,wales,labour,11.29,42.11,1.41,13.17,3.82,0.0,28.17,0.04,0.0,0.0,0.0,0.0,0.0,no,labour,13.94
469,Rochester and Strood,southeastengland,ukip,35.51,23.78,2.94,33.0,3.84,0.0,0.0,0.92,0.0,0.0,0.0,0.0,0.0,yes,conservative,2.51
338,"Liverpool, Walton",northwestengland,labour,4.44,73.93,1.9,12.33,6.78,0.0,0.0,0.62,0.0,0.0,0.0,0.0,0.0,no,labour,61.6
191,East Devon,southwestengland,conservative,49.39,16.95,14.4,14.12,5.12,0.0,0.0,0.03,0.0,0.0,0.0,0.0,0.0,no,conservative,32.44
240,Glasgow North,scotland,labour,6.57,33.09,12.87,2.06,5.4,37.72,0.0,2.29,0.0,0.0,0.0,0.0,0.0,yes,snp,4.63
330,Lewisham East,london,labour,20.39,50.9,14.35,6.41,7.68,0.0,0.0,0.27,0.0,0.0,0.0,0.0,0.0,no,labour,30.51
617,West Ham,london,labour,12.06,71.21,2.68,6.28,3.68,0.0,0.0,4.09,0.0,0.0,0.0,0.0,0.0,no,labour,59.15
8,Altrincham and Sale West,northwestengland,conservative,47.74,28.52,8.98,10.15,4.58,0.0,0.0,0.03,0.0,0.0,0.0,0.0,0.0,no,conservative,19.21
492,Sheffield Brightside and Hillsborough,yorkshireandthehumber,labour,9.51,58.87,4.65,13.85,9.04,0.0,0.0,4.08,0.0,0.0,0.0,0.0,0.0,no,labour,45.02
277,Hendon,london,conservative,36.01,45.99,3.25,10.92,3.56,0.0,0.0,0.27,0.0,0.0,0.0,0.0,0.0,yes,labour,9.98
366,Mid Worcestershire,westmidlands,conservative,49.89,14.96,7.54,22.03,5.55,0.0,0.0,0.03,0.0,0.0,0.0,0.0,0.0,no,conservative,27.86
547,Stockton South,northeastengland,conservative,38.77,44.15,2.83,10.09,1.53,0.0,0.0,2.63,0.0,0.0,0.0,0.0,0.0,yes,labour,5.38
368,Middlesbrough South and East Cleveland,northeastengland,labour,33.81,47.61,2.4,11.56,2.86,0.0,0.0,1.76,0.0,0.0,0.0,0.0,0.0,no,labour,13.8
247,Gordon,scotland,libdems,14.52,10.95,25.65,2.71,0.72,44.43,0.0,1.03,0.0,0.0,0.0,0.0,0.0,yes,snp,18.78
86,Brigg and Goole,yorkshireandthehumber,conservative,43.63,38.95,2.18,11.74,3.0,0.0,0.0,0.51,0.0,0.0,0.0,0.0,0.0,no,conservative,4.67
574,Thurrock,eastofengland,conservative,29.5,31.36,1.93,34.9,1.16,0.0,0.0,1.15,0.0,0.0,0.0,0.0,0.0,yes,ukip,3.54
593,Wallasey,northwestengland,labour,25.64,56.18,1.88,11.92,4.35,0.0,0.0,0.04,0.0,0.0,0.0,0.0,0.0,no,labour,30.53
235,Gateshead,northeastengland,labour,12.8,59.59,5.16,15.37,5.14,0.0,0.0,1.94,0.0,0.0,0.0,0.0,0.0,no,labour,44.21
222,Falkirk,scotland,other,10.34,28.56,1.64,1.08,0.27,58.08,0.0,0.03,0.0,0.0,0.0,0.0,0.0,yes,snp,29.52
589,Vale of Clwyd,wales,labour,31.13,44.83,1.82,12.54,3.12,0.0,6.17,0.39,0.0,0.0,0.0,0.0,0.0,no,labour,13.69
505,Somerton and Frome,southwestengland,libdems,39.23,7.74,29.46,16.55,6.72,0.0,0.0,0.29,0.0,0.0,0.0,0.0,0.0,yes,conservative,9.76
439,Oxford West and Abingdon,southeastengland,conservative,42.81,18.74,25.42,7.67,5.32,0.0,0.0,0.03,0.0,0.0,0.0,0.0,0.0,no,conservative,17.39
614,West Bromwich West,westmidlands,labour,26.61,46.4,1.7,16.56,3.55,0.0,0.0,5.18,0.0,0.0,0.0,0.0,0.0,no,labour,19.79
107,Camberwell and Peckham,london,labour,10.47,66.98,9.9,5.56,6.72,0.0,0.0,0.37,0.0,0.0,0.0,0.0,0.0,no,labour,56.51
269,Hartlepool,northeastengland,labour,25.72,49.58,3.06,16.45,3.42,0.0,0.0,1.76,0.0,0.0,0.0,0.0,0.0,no,labour,23.86
178,Dudley South,westmidlands,conservative,39.69,34.98,3.06,18.22,4.04,0.0,0.0,0.01,0.0,0.0,0.0,0.0,0.0,no,conservative,4.72
306,Kenilworth and Southam,westmidlands,conservative,52.87,15.52,10.97,15.22,5.32,0.0,0.0,0.11,0.0,0.0,0.0,0.0,0.0,no,conservative,37.35
53,Birmingham Perry Barr,westmidlands,labour,20.27,54.42,7.16,12.36,5.31,0.0,0.0,0.47,0.0,0.0,0.0,0.0,0.0,no,labour,34.14
491,Sevenoaks,southeastengland,conservative,49.58,18.96,5.6,18.23,4.72,0.0,0.0,2.91,0.0,0.0,0.0,0.0,0.0,no,conservative,30.62
583,Truro and Falmouth,southwestengland,conservative,39.67,15.98,19.69,17.97,5.95,0.0,0.0,0.74,0.0,0.0,0.0,0.0,0.0,no,conservative,19.97
261,Halton,northwestengland,labour,16.0,61.9,1.9,15.95,3.73,0.0,0.0,0.52,0.0,0.0,0.0,0.0,0.0,no,labour,45.9
76,Bradford South,yorkshireandthehumber,labour,26.64,48.49,4.03,12.39,5.24,0.0,0.0,3.21,0.0,0.0,0.0,0.0,0.0,no,labour,21.85
51,Birmingham Ladywood,westmidlands,labour,11.01,59.07,10.78,13.38,5.71,0.0,0.0,0.04,0.0,0.0,0.0,0.0,0.0,no,labour,45.68
245,Glenrothes,scotland,labour,6.62,43.45,1.08,2.09,0.87,45.86,0.0,0.03,0.0,0.0,0.0,0.0,0.0,yes,snp,2.4
396,North Ayrshire and Arran,scotland,labour,13.91,30.36,1.36,2.88,0.93,50.43,0.0,0.13,0.0,0.0,0.0,0.0,0.0,yes,snp,20.07
93,Broadland,eastofengland,conservative,40.1,20.72,9.1,21.32,8.52,0.0,0.0,0.24,0.0,0.0,0.0,0.0,0.0,no,conservative,18.78
172,Dewsbury,yorkshireandthehumber,conservative,32.21,37.6,3.26,13.41,6.0,0.0,0.0,7.53,0.0,0.0,0.0,0.0,0.0,yes,labour,5.39
528,South West Surrey,southeastengland,conservative,56.08,10.87,11.22,14.04,7.25,0.0,0.0,0.55,0.0,0.0,0.0,0.0,0.0,no,conservative,42.04
646,Wycombe,southeastengland,conservative,46.25,25.79,11.51,12.03,4.29,0.0,0.0,0.13,0.0,0.0,0.0,0.0,0.0,no,conservative,20.46
292,Huddersfield,yorkshireandthehumber,labour,24.94,45.13,7.88,13.95,6.98,0.0,0.0,1.12,0.0,0.0,0.0,0.0,0.0,no,labour,20.18
228,Finchley and Golders Green,london,conservative,41.45,42.34,6.09,6.05,4.07,0.0,0.0,0.01,0.0,0.0,0.0,0.0,0.0,yes,labour,0.89
476,Rotherham,yorkshireandthehumber,labour,14.76,50.94,2.71,18.78,3.13,0.0,0.0,9.68,0.0,0.0,0.0,0.0,0.0,no,labour,32.16
154,Coventry South,westmidlands,labour,31.58,44.95,4.61,13.22,5.41,0.0,0.0,0.22,0.0,0.0,0.0,0.0,0.0,no,labour,13.37
225,Feltham and Heston,london,labour,29.27,49.95,3.98,10.29,4.46,0.0,0.0,2.05,0.0,0.0,0.0,0.0,0.0,no,labour,20.68
551,Stone,westmidlands,conservative,52.01,22.98,8.0,13.48,3.51,0.0,0.0,0.03,0.0,0.0,0.0,0.0,0.0,no,conservative,29.03
106,Calder Valley,yorkshireandthehumber,conservative,39.19,33.0,8.82,12.39,5.45,0.0,0.0,1.15,0.0,0.0,0.0,0.0,0.0,no,conservative,6.19
424,Northampton South,eastmidlands,conservative,38.51,27.36,6.11,17.42,6.34,0.0,0.0,4.27,0.0,0.0,0.0,0.0,0.0,no,conservative,11.16
577,Tooting,london,labour,33.74,50.34,4.7,5.79,5.32,0.0,0.0,0.1,0.0,0.0,0.0,0.0,0.0,no,labour,16.61
507,South Basildon and East Thurrock,eastofengland,conservative,33.23,31.89,2.21,23.21,7.95,0.0,0.0,1.51,0.0,0.0,0.0,0.0,0.0,no,conservative,1.34
159,Croydon South,london,conservative,48.76,24.69,10.94,11.12,4.46,0.0,0.0,0.03,0.0,0.0,0.0,0.0,0.0,no,conservative,24.07
188,"Ealing, Southall",london,labour,25.16,57.7,4.63,7.18,5.02,0.0,0.0,0.31,0.0,0.0,0.0,0.0,0.0,no,labour,32.53
40,Berwick-upon-Tweed,northeastengland,libdems,34.63,16.73,29.65,14.08,4.31,0.0,0.0,0.61,0.0,0.0,0.0,0.0,0.0,yes,conservative,4.99
473,"Ross, Skye and Lochaber",scotland,libdems,7.7,6.02,34.06,2.09,2.76,46.34,0.0,1.03,0.0,0.0,0.0,0.0,0.0,yes,snp,12.28
326,Leicester South,eastmidlands,labour,20.29,52.95,11.82,8.72,5.59,0.0,0.0,0.63,0.0,0.0,0.0,0.0,0.0,no,labour,32.66
647,Ynys Mon,wales,labour,18.66,34.49,1.04,14.63,2.77,0.0,25.36,3.04,0.0,0.0,0.0,0.0,0.0,no,labour,9.13
43,Beverley and Holderness,yorkshireandthehumber,conservative,47.38,26.65,7.31,13.82,3.8,0.0,0.0,1.05,0.0,0.0,0.0,0.0,0.0,no,conservative,20.72
109,Cambridge,eastofengland,libdems,18.0,31.42,34.43,4.52,11.59,0.0,0.0,0.04,0.0,0.0,0.0,0.0,0.0,no,libdems,3.01
636,Woking,southeastengland,conservative,50.34,14.45,18.73,11.61,4.79,0.0,0.0,0.08,0.0,0.0,0.0,0.0,0.0,no,conservative,31.61
603,Washington and Sunderland West,northeastengland,labour,19.09,58.15,2.74,14.64,3.81,0.0,0.0,1.58,0.0,0.0,0.0,0.0,0.0,no,labour,39.06
379,Motherwell and Wishaw,scotland,labour,7.52,42.28,1.28,2.6,0.81,45.01,0.0,0.51,0.0,0.0,0.0,0.0,0.0,yes,snp,2.74
472,Romsey and Southampton North,southeastengland,conservative,45.04,10.97,19.34,18.22,6.4,0.0,0.0,0.03,0.0,0.0,0.0,0.0,0.0,no,conservative,25.71
152,Coventry North East,westmidlands,labour,20.45,51.83,3.55,13.63,5.57,0.0,0.0,4.98,0.0,0.0,0.0,0.0,0.0,no,labour,31.39
288,Hornsey and Wood Green,london,libdems,13.67,39.34,34.32,4.87,7.49,0.0,0.0,0.31,0.0,0.0,0.0,0.0,0.0,yes,labour,5.02
388,Newcastle upon Tyne North,northeastengland,labour,16.96,49.94,13.67,11.6,6.66,0.0,0.0,1.17,0.0,0.0,0.0,0.0,0.0,no,labour,32.98
562,Sutton Coldfield,westmidlands,conservative,55.13,22.49,4.84,11.44,4.94,0.0,0.0,1.15,0.0,0.0,0.0,0.0,0.0,no,conservative,32.64
401,North Durham,northeastengland,labour,18.2,50.0,7.67,14.66,4.46,0.0,0.0,5.0,0.0,0.0,0.0,0.0,0.0,no,labour,31.8
418,North West Durham,northeastengland,labour,11.83,52.06,16.21,15.13,4.34,0.0,0.0,0.42,0.0,0.0,0.0,0.0,0.0,no,labour,35.84
630,Wirral West,northwestengland,conservative,43.38,46.41,3.03,5.13,2.05,0.0,0.0,0.0,0.0,0.0,0.0,0.0,0.0,yes,labour,3.03
92,Bristol West,southwestengland,libdems,14.18,37.74,20.95,2.2,23.99,0.0,0.0,0.93,0.0,0.0,0.0,0.0,0.0,yes,labour,13.75
162,Dagenham and Rainham,london,labour,30.11,47.24,1.28,12.25,1.66,0.0,0.0,7.47,0.0,0.0,0.0,0.0,0.0,no,labour,17.14
558,Suffolk Coastal,eastofengland,conservative,40.0,23.17,7.67,19.64,9.5,0.0,0.0,0.03,0.0,0.0,0.0,0.0,0.0,no,conservative,16.83
385,Newbury,southeastengland,conservative,56.17,8.75,17.02,12.62,5.37,0.0,0.0,0.07,0.0,0.0,0.0,0.0,0.0,no,conservative,39.14
55,Birmingham Yardley,westmidlands,libdems,16.58,33.09,29.13,14.19,4.54,0.0,0.0,2.46,0.0,0.0,0.0,0.0,0.0,yes,labour,3.96
343,Loughborough,eastmidlands,conservative,43.85,36.41,3.6,11.78,3.36,0.0,0.0,1.01,0.0,0.0,0.0,0.0,0.0,no,conservative,7.43
25,Barrow and Furness,northwestengland,labour,31.57,55.31,1.45,9.41,1.89,0.0,0.0,0.36,0.0,0.0,0.0,0.0,0.0,no,labour,23.74
568,Telford,westmidlands,labour,31.0,40.6,3.15,18.46,5.68,0.0,0.0,1.12,0.0,0.0,0.0,0.0,0.0,no,labour,9.6
539,St. Ives,southwestengland,libdems,34.2,10.94,33.69,12.85,6.27,0.0,0.0,2.05,0.0,0.0,0.0,0.0,0.0,yes,conservative,0.51
260,Haltemprice and Howden,yorkshireandthehumber,conservative,49.28,19.95,9.31,15.26,3.96,0.0,0.0,2.23,0.0,0.0,0.0,0.0,0.0,no,conservative,29.33
236,Gedling,eastmidlands,labour,32.14,42.81,3.15,16.91,4.34,0.0,0.0,0.65,0.0,0.0,0.0,0.0,0.0,no,labour,10.67
118,Carmarthen West and South Pembrokeshire,wales,conservative,34.73,30.76,2.23,17.08,3.23,0.0,11.62,0.34,0.0,0.0,0.0,0.0,0.0,no,conservative,3.97
519,South Shields,northeastengland,labour,18.8,57.5,2.01,13.59,3.54,0.0,0.0,4.57,0.0,0.0,0.0,0.0,0.0,no,labour,38.7
412,North Somerset,southwestengland,conservative,47.47,16.58,16.26,14.85,4.81,0.0,0.0,0.03,0.0,0.0,0.0,0.0,0.0,no,conservative,30.89
19,"Ayr, Carrick and Cumnock",scotland,labour,22.59,31.48,1.65,2.18,0.17,41.42,0.0,0.5,0.0,0.0,0.0,0.0,0.0,yes,snp,9.95
335,Lincoln,eastmidlands,conservative,35.99,38.56,6.53,12.64,4.77,0.0,0.0,1.51,0.0,0.0,0.0,0.0,0.0,yes,labour,2.57
564,Swansea West,wales,labour,17.5,36.48,13.3,20.69,6.58,0.0,4.26,1.2,0.0,0.0,0.0,0.0,0.0,no,labour,15.79
376,Moray,scotland,snp,21.86,6.56,3.68,2.38,0.85,64.64,0.0,0.03,0.0,0.0,0.0,0.0,0.0,no,snp,42.78
38,Belfast West,northernireland,sinnfein,0.0,0.0,0.0,0.15,0.0,0.0,0.0,0.0,73.38,15.72,0.78,8.23,1.74,no,sinnfein,57.66
124,Ceredigion,wales,libdems,9.85,6.55,34.6,12.13,7.46,0.0,29.36,0.04,0.0,0.0,0.0,0.0,0.0,no,libdems,5.24
10,Amber Valley,eastmidlands,conservative,36.16,39.68,2.97,14.21,3.77,0.0,0.0,3.21,0.0,0.0,0.0,0.0,0.0,yes,labour,3.52
134,Chingford and Woodford Green,london,conservative,50.76,27.86,6.41,7.82,6.21,0.0,0.0,0.95,0.0,0.0,0.0,0.0,0.0,no,conservative,22.9
85,Bridgwater and West Somerset,southwestengland,conservative,48.1,26.08,12.64,9.48,2.82,0.0,0.0,0.89,0.0,0.0,0.0,0.0,0.0,no,conservative,22.02
545,Stockport,northwestengland,labour,21.74,50.19,8.0,16.35,3.28,0.0,0.0,0.45,0.0,0.0,0.0,0.0,0.0,no,labour,28.45
447,Plymouth Moor View,southwestengland,labour,28.82,39.8,3.62,22.93,3.67,0.0,0.0,1.16,0.0,0.0,0.0,0.0,0.0,no,labour,10.98
310,Kingston and Surbiton,london,libdems,30.03,11.14,36.42,14.37,7.93,0.0,0.0,0.11,0.0,0.0,0.0,0.0,0.0,no,libdems,6.39
110,Cannock Chase,westmidlands,conservative,32.33,37.8,4.94,20.85,2.99,0.0,0.0,1.1,0.0,0.0,0.0,0.0,0.0,yes,labour,5.48
39,Bermondsey and Old Southwark,london,libdems,14.17,34.09,37.47,6.58,6.5,0.0,0.0,1.19,0.0,0.0,0.0,0.0,0.0,no,libdems,3.37
281,Hertsmere,eastofengland,conservative,50.56,27.44,2.6,14.2,4.71,0.0,0.0,0.5,0.0,0.0,0.0,0.0,0.0,no,conservative,23.12
169,Derby South,eastmidlands,labour,24.66,45.55,6.39,16.98,5.77,0.0,0.0,0.65,0.0,0.0,0.0,0.0,0.0,no,labour,20.9
349,Maidenhead,southeastengland,conservative,61.22,13.32,12.0,9.04,3.46,0.0,0.0,0.96,0.0,0.0,0.0,0.0,0.0,no,conservative,47.9
316,Knowsley,northwestengland,labour,6.97,79.38,1.95,8.64,2.43,0.0,0.0,0.62,0.0,0.0,0.0,0.0,0.0,no,labour,70.74
432,Ogmore,wales,labour,13.33,56.95,2.29,13.26,3.15,0.0,10.1,0.93,0.0,0.0,0.0,0.0,0.0,no,labour,43.61
428,Nottingham North,eastmidlands,labour,22.12,52.4,4.5,11.04,7.73,0.0,0.0,2.21,0.0,0.0,0.0,0.0,0.0,no,labour,30.27
100,Burton,westmidlands,conservative,41.52,31.72,2.95,18.11,3.81,0.0,0.0,1.9,0.0,0.0,0.0,0.0,0.0,no,conservative,9.8
276,Hemsworth,yorkshireandthehumber,labour,21.69,53.31,1.84,11.38,2.79,0.0,0.0,8.99,0.0,0.0,0.0,0.0,0.0,no,labour,31.62
161,Cynon Valley,wales,labour,7.92,52.89,1.92,14.09,3.28,0.0,19.85,0.05,0.0,0.0,0.0,0.0,0.0,no,labour,33.04
409,North Herefordshire,westmidlands,conservative,52.86,8.17,14.18,16.67,7.92,0.0,0.0,0.19,0.0,0.0,0.0,0.0,0.0,no,conservative,36.19
626,Wimbledon,london,conservative,46.53,27.06,12.29,9.26,4.78,0.0,0.0,0.08,0.0,0.0,0.0,0.0,0.0,no,conservative,19.48
619,West Suffolk,eastofengland,conservative,49.41,24.31,4.6,15.81,3.98,0.0,0.0,1.89,0.0,0.0,0.0,0.0,0.0,no,conservative,25.1
553,Strangford,northernireland,dup,0.0,0.0,0.0,0.0,0.0,0.0,0.0,13.54,3.16,5.8,21.4,47.65,8.46,no,dup,26.25
479,Runnymede and Weybridge,southeastengland,conservative,55.21,21.37,7.07,12.07,4.0,0.0,0.0,0.28,0.0,0.0,0.0,0.0,0.0,no,conservative,33.84
218,Erewash,eastmidlands,conservative,34.46,35.87,4.68,18.23,4.82,0.0,0.0,1.95,0.0,0.0,0.0,0.0,0.0,yes,labour,1.42
18,Aylesbury,southeastengland,conservative,53.96,21.47,12.24,9.01,3.29,0.0,0.0,0.03,0.0,0.0,0.0,0.0,0.0,no,conservative,32.49
59,Blackpool North and Cleveleys,northwestengland,conservative,41.24,38.41,2.75,14.59,2.09,0.0,0.0,0.91,0.0,0.0,0.0,0.0,0.0,no,conservative,2.83
457,Putney,london,conservative,47.44,31.49,6.07,9.77,5.05,0.0,0.0,0.17,0.0,0.0,0.0,0.0,0.0,no,conservative,15.95
70,Boston and Skegness,eastmidlands,conservative,36.75,17.14,3.37,37.39,3.55,0.0,0.0,1.8,0.0,0.0,0.0,0.0,0.0,yes,ukip,0.64
32,Beaconsfield,southeastengland,conservative,61.36,19.4,5.7,10.64,2.51,0.0,0.0,0.38,0.0,0.0,0.0,0.0,0.0,no,conservative,41.96
194,East Hampshire,southeastengland,conservative,52.43,13.15,12.03,15.31,6.28,0.0,0.0,0.81,0.0,0.0,0.0,0.0,0.0,no,conservative,37.12
531,Southampton Test,southeastengland,labour,26.71,47.76,6.24,13.05,6.2,0.0,0.0,0.04,0.0,0.0,0.0,0.0,0.0,no,labour,21.04
645,Worthing West,southeastengland,conservative,47.14,17.91,10.45,16.22,8.18,0.0,0.0,0.09,0.0,0.0,0.0,0.0,0.0,no,conservative,29.23
587,Upper Bann,northernireland,dup,0.0,0.0,0.0,0.0,0.0,0.0,0.0,1.98,25.38,12.27,20.45,37.01,2.91,no,dup,11.63
404,North East Derbyshire,eastmidlands,labour,28.32,39.92,8.12,20.4,3.21,0.0,0.0,0.03,0.0,0.0,0.0,0.0,0.0,no,labour,11.6
357,Meon Valley,southeastengland,conservative,57.82,12.3,15.32,8.33,5.4,0.0,0.0,0.84,0.0,0.0,0.0,0.0,0.0,no,conservative,42.5
557,Stroud,southwestengland,conservative,33.07,41.68,3.33,12.45,9.45,0.0,0.0,0.02,0.0,0.0,0.0,0.0,0.0,yes,labour,8.61
94,Bromley and Chislehurst,london,conservative,47.38,19.23,9.28,18.19,5.26,0.0,0.0,0.66,0.0,0.0,0.0,0.0,0.0,no,conservative,28.14
392,Newry and Armagh,northernireland,sinnfein,0.0,0.0,0.0,0.0,0.0,0.0,0.0,5.9,44.28,23.64,25.05,0.0,1.13,no,sinnfein,19.23
378,Morley and Outwood,yorkshireandthehumber,labour,31.28,44.9,3.73,13.33,2.55,0.0,0.0,4.21,0.0,0.0,0.0,0.0,0.0,no,labour,13.63
319,Lancaster and Fleetwood,northwestengland,conservative,29.8,38.79,4.12,15.48,11.28,0.0,0.0,0.53,0.0,0.0,0.0,0.0,0.0,yes,labour,8.99
255,Guildford,southeastengland,conservative,49.56,9.4,18.39,15.17,7.4,0.0,0.0,0.08,0.0,0.0,0.0,0.0,0.0,no,conservative,31.16
52,Birmingham Northfield,westmidlands,labour,32.16,43.99,3.17,12.34,5.3,0.0,0.0,3.04,0.0,0.0,0.0,0.0,0.0,no,labour,11.83
387,Newcastle upon Tyne East,northeastengland,labour,14.3,52.45,13.01,12.29,7.03,0.0,0.0,0.91,0.0,0.0,0.0,0.0,0.0,no,labour,38.15
232,Fylde,northwestengland,conservative,48.93,24.33,6.46,15.84,4.4,0.0,0.0,0.03,0.0,0.0,0.0,0.0,0.0,no,conservative,24.6
482,Rutland and Melton,eastmidlands,conservative,50.89,16.66,10.95,12.95,7.19,0.0,0.0,1.37,0.0,0.0,0.0,0.0,0.0,no,conservative,34.23
345,Ludlow,westmidlands,conservative,52.52,7.58,14.78,17.92,6.73,0.0,0.0,0.47,0.0,0.0,0.0,0.0,0.0,no,conservative,34.6
405,North East Fife,scotland,libdems,16.73,8.79,30.52,1.17,0.99,41.81,0.0,0.01,0.0,0.0,0.0,0.0,0.0,yes,snp,11.29
413,North Swindon,southwestengland,conservative,40.77,37.27,3.73,14.12,3.3,0.0,0.0,0.8,0.0,0.0,0.0,0.0,0.0,no,conservative,3.49
390,Newport East,wales,labour,21.02,41.86,13.68,16.23,3.65,0.0,2.5,1.06,0.0,0.0,0.0,0.0,0.0,no,labour,20.84
523,South Thanet,southeastengland,conservative,33.9,26.17,2.95,32.06,3.96,0.0,0.0,0.96,0.0,0.0,0.0,0.0,0.0,no,conservative,1.84
502,Sleaford and North Hykeham,eastmidlands,conservative,49.76,18.91,5.35,16.1,4.6,0.0,0.0,5.28,0.0,0.0,0.0,0.0,0.0,no,conservative,30.86
464,Rhondda,wales,labour,4.76,55.16,1.47,13.78,3.22,0.0,17.64,3.97,0.0,0.0,0.0,0.0,0.0,no,labour,37.53
629,Wirral South,northwestengland,labour,31.84,45.55,5.02,13.13,3.93,0.0,0.0,0.53,0.0,0.0,0.0,0.0,0.0,no,labour,13.71
22,Barking,london,labour,13.42,56.3,1.1,18.39,1.5,0.0,0.0,9.28,0.0,0.0,0.0,0.0,0.0,no,labour,37.91
569,Tewkesbury,southwestengland,conservative,48.24,18.12,17.32,12.82,3.41,0.0,0.0,0.09,0.0,0.0,0.0,0.0,0.0,no,conservative,30.12
458,Rayleigh and Wickford,eastofengland,conservative,51.27,21.73,2.22,15.29,5.36,0.0,0.0,4.12,0.0,0.0,0.0,0.0,0.0,no,conservative,29.54
293,Huntingdon,eastofengland,conservative,51.82,20.72,9.22,13.98,2.87,0.0,0.0,1.39,0.0,0.0,0.0,0.0,0.0,no,conservative,31.11
591,Vauxhall,london,labour,17.13,54.14,11.05,5.74,11.67,0.0,0.0,0.27,0.0,0.0,0.0,0.0,0.0,no,labour,37.02
620,West Tyrone,northernireland,sinnfein,0.0,0.0,0.0,0.0,0.15,0.0,0.0,5.38,48.79,13.07,9.52,20.94,2.15,no,sinnfein,27.85
65,Bolsover,eastmidlands,labour,22.99,56.45,3.81,11.39,2.79,0.0,0.0,2.58,0.0,0.0,0.0,0.0,0.0,no,labour,33.46
155,Crawley,southeastengland,conservative,38.51,40.11,2.02,13.75,3.13,0.0,0.0,2.47,0.0,0.0,0.0,0.0,0.0,yes,labour,1.6
650,York Outer,yorkshireandthehumber,conservative,44.68,22.82,17.22,9.77,5.23,0.0,0.0,0.29,0.0,0.0,0.0,0.0,0.0,no,conservative,21.86
571,The Wrekin,westmidlands,conservative,45.0,27.44,4.01,15.95,6.66,0.0,0.0,0.93,0.0,0.0,0.0,0.0,0.0,no,conservative,17.55
638,Wolverhampton North East,westmidlands,labour,31.78,43.79,1.95,15.21,3.37,0.0,0.0,3.89,0.0,0.0,0.0,0.0,0.0,no,labour,12.01
227,Filton and Bradley Stoke,southwestengland,conservative,38.15,33.65,8.74,14.52,3.85,0.0,0.0,1.09,0.0,0.0,0.0,0.0,0.0,no,conservative,4.5
448,"Plymouth, Sutton and Devonport",southwestengland,conservative,28.86,37.14,7.39,21.06,5.23,0.0,0.0,0.33,0.0,0.0,0.0,0.0,0.0,yes,labour,8.28
61,Blaenau Gwent,wales,labour,5.54,55.31,1.48,13.6,2.21,0.0,4.47,17.39,0.0,0.0,0.0,0.0,0.0,no,labour,37.91
363,Mid Norfolk,eastofengland,conservative,49.01,28.22,4.14,13.9,4.33,0.0,0.0,0.41,0.0,0.0,0.0,0.0,0.0,no,conservative,20.79
257,Hackney South and Shoreditch,london,labour,10.84,62.86,9.9,3.74,11.96,0.0,0.0,0.71,0.0,0.0,0.0,0.0,0.0,no,labour,50.9
427,Nottingham East,eastmidlands,labour,21.39,49.79,9.5,11.33,7.92,0.0,0.0,0.06,0.0,0.0,0.0,0.0,0.0,no,labour,28.4
465,Ribble Valley,northwestengland,conservative,50.67,28.88,6.1,11.26,3.02,0.0,0.0,0.07,0.0,0.0,0.0,0.0,0.0,no,conservative,21.79
353,Manchester Central,northwestengland,labour,8.99,57.81,8.51,13.11,10.72,0.0,0.0,0.86,0.0,0.0,0.0,0.0,0.0,no,labour,44.7
386,Newcastle upon Tyne Central,northeastengland,labour,17.26,52.82,7.03,12.86,7.33,0.0,0.0,2.7,0.0,0.0,0.0,0.0,0.0,no,labour,35.56
122,Central Devon,southwestengland,conservative,50.46,11.37,15.79,16.78,5.58,0.0,0.0,0.03,0.0,0.0,0.0,0.0,0.0,no,conservative,33.68
263,Hampstead and Kilburn,london,labour,30.32,43.19,16.41,5.04,4.66,0.0,0.0,0.37,0.0,0.0,0.0,0.0,0.0,no,labour,12.87
648,York Central,yorkshireandthehumber,labour,23.22,45.88,8.22,9.37,12.9,0.0,0.0,0.4,0.0,0.0,0.0,0.0,0.0,no,labour,22.67
14,Arundel and South Downs,southeastengland,conservative,57.55,15.1,11.53,11.34,4.45,0.0,0.0,0.03,0.0,0.0,0.0,0.0,0.0,no,conservative,42.45
403,North East Cambridgeshire,eastofengland,conservative,46.49,22.5,4.7,21.48,3.42,0.0,0.0,1.4,0.0,0.0,0.0,0.0,0.0,no,conservative,23.99
454,Preseli Pembrokeshire,wales,conservative,39.37,32.06,2.12,12.78,3.99,0.0,9.65,0.04,0.0,0.0,0.0,0.0,0.0,no,conservative,7.31
131,Chesham and Amersham,southeastengland,conservative,57.66,10.31,11.28,14.91,5.8,0.0,0.0,0.03,0.0,0.0,0.0,0.0,0.0,no,conservative,42.75
186,Ealing Central and Acton,london,conservative,35.82,37.35,13.69,6.97,5.56,0.0,0.0,0.62,0.0,0.0,0.0,0.0,0.0,yes,labour,1.54
350,Maidstone and The Weald,southeastengland,conservative,47.54,16.7,17.48,14.07,3.63,0.0,0.0,0.59,0.0,0.0,0.0,0.0,0.0,no,conservative,30.06
34,Bedford,eastofengland,conservative,31.17,43.1,5.58,14.51,4.94,0.0,0.0,0.7,0.0,0.0,0.0,0.0,0.0,yes,labour,11.94
579,Torfaen,wales,labour,17.21,47.26,3.1,17.83,3.69,0.0,5.67,5.24,0.0,0.0,0.0,0.0,0.0,no,labour,29.43
478,"Ruislip, Northwood and Pinner",london,conservative,54.69,23.93,6.22,12.07,2.76,0.0,0.0,0.34,0.0,0.0,0.0,0.0,0.0,no,conservative,30.77
408,North East Somerset,southwestengland,conservative,43.26,30.33,7.86,10.72,7.01,0.0,0.0,0.82,0.0,0.0,0.0,0.0,0.0,no,conservative,12.92
534,Spelthorne,southeastengland,conservative,43.88,24.19,9.47,17.84,3.67,0.0,0.0,0.94,0.0,0.0,0.0,0.0,0.0,no,conservative,19.69
592,Wakefield,yorkshireandthehumber,labour,33.19,46.98,2.89,11.56,2.83,0.0,0.0,2.55,0.0,0.0,0.0,0.0,0.0,no,labour,13.79
272,Havant,southeastengland,conservative,43.86,23.81,6.84,19.34,5.48,0.0,0.0,0.66,0.0,0.0,0.0,0.0,0.0,no,conservative,20.04
416,North Warwickshire,westmidlands,conservative,36.52,40.92,1.77,15.82,2.73,0.0,0.0,2.24,0.0,0.0,0.0,0.0,0.0,yes,labour,4.41
331,Lewisham West and Penge,london,labour,22.46,49.3,14.61,6.17,7.35,0.0,0.0,0.11,0.0,0.0,0.0,0.0,0.0,no,labour,26.84
354,"Manchester, Gorton",northwestengland,labour,8.26,54.77,12.14,13.38,10.96,0.0,0.0,0.48,0.0,0.0,0.0,0.0,0.0,no,labour,41.39
246,Gloucester,southwestengland,conservative,38.81,37.15,7.18,12.99,3.07,0.0,0.0,0.79,0.0,0.0,0.0,0.0,0.0,no,conservative,1.67
6,Aldershot,southeastengland,conservative,45.28,19.55,15.88,13.99,4.23,0.0,0.0,1.08,0.0,0.0,0.0,0.0,0.0,no,conservative,25.73
628,Windsor,southeastengland,conservative,61.4,17.07,7.58,9.25,3.54,0.0,0.0,1.16,0.0,0.0,0.0,0.0,0.0,no,conservative,44.33
434,Oldham East and Saddleworth,northwestengland,labour,23.65,40.29,12.9,18.09,3.42,0.0,0.0,1.66,0.0,0.0,0.0,0.0,0.0,no,labour,16.64
625,Wigan,northwestengland,labour,21.17,56.06,2.29,16.13,3.03,0.0,0.0,1.32,0.0,0.0,0.0,0.0,0.0,no,labour,34.9
362,Mid Dorset and North Poole,southwestengland,libdems,39.17,9.01,29.99,18.52,3.04,0.0,0.0,0.27,0.0,0.0,0.0,0.0,0.0,yes,conservative,9.18
399,North Dorset,southwestengland,conservative,53.76,10.0,19.11,13.46,3.6,0.0,0.0,0.06,0.0,0.0,0.0,0.0,0.0,no,conservative,34.66
163,Darlington,northeastengland,labour,28.38,45.69,6.51,14.66,4.34,0.0,0.0,0.42,0.0,0.0,0.0,0.0,0.0,no,labour,17.31
215,"Enfield, Southgate",london,conservative,45.21,36.81,4.06,9.84,3.8,0.0,0.0,0.29,0.0,0.0,0.0,0.0,0.0,no,conservative,8.4
258,Halesowen and Rowley Regis,westmidlands,conservative,38.03,38.16,3.4,15.89,3.33,0.0,0.0,1.18,0.0,0.0,0.0,0.0,0.0,yes,labour,0.13
204,Eddisbury,northwestengland,conservative,49.09,26.77,6.77,13.38,3.96,0.0,0.0,0.03,0.0,0.0,0.0,0.0,0.0,no,conservative,22.32
54,Birmingham Selly Oak,westmidlands,labour,30.45,43.33,7.55,11.88,5.12,0.0,0.0,1.68,0.0,0.0,0.0,0.0,0.0,no,labour,12.88
119,Carshalton and Wallington,london,libdems,31.46,11.88,40.7,12.53,2.9,0.0,0.0,0.53,0.0,0.0,0.0,0.0,0.0,no,libdems,9.24
462,Redditch,westmidlands,conservative,42.18,31.35,4.24,16.86,3.68,0.0,0.0,1.68,0.0,0.0,0.0,0.0,0.0,no,conservative,10.83
536,St. Austell and Newquay,southwestengland,libdems,34.04,10.59,27.24,18.8,5.62,0.0,0.0,3.71,0.0,0.0,0.0,0.0,0.0,yes,conservative,6.8
503,Slough,southeastengland,labour,28.3,56.42,2.04,10.27,2.79,0.0,0.0,0.19,0.0,0.0,0.0,0.0,0.0,no,labour,28.11
414,North Thanet,southeastengland,conservative,42.34,26.45,3.85,21.98,5.35,0.0,0.0,0.03,0.0,0.0,0.0,0.0,0.0,no,conservative,15.88
267,Harrow East,london,conservative,39.33,42.76,5.6,9.06,2.48,0.0,0.0,0.76,0.0,0.0,0.0,0.0,0.0,yes,labour,3.43
189,Easington,northeastengland,labour,11.38,62.62,2.2,16.63,4.68,0.0,0.0,2.48,0.0,0.0,0.0,0.0,0.0,no,labour,45.99
27,Basingstoke,southeastengland,conservative,45.71,28.25,8.01,12.61,5.35,0.0,0.0,0.07,0.0,0.0,0.0,0.0,0.0,no,conservative,17.47
251,Gravesham,southeastengland,conservative,41.4,35.89,1.84,16.58,2.75,0.0,0.0,1.53,0.0,0.0,0.0,0.0,0.0,no,conservative,5.5
584,Tunbridge Wells,southeastengland,conservative,52.29,17.01,8.8,15.36,5.88,0.0,0.0,0.66,0.0,0.0,0.0,0.0,0.0,no,conservative,35.28
359,Merthyr Tydfil and Rhymney,wales,labour,6.63,51.33,13.64,14.07,2.3,0.0,5.99,6.03,0.0,0.0,0.0,0.0,0.0,no,labour,37.26
147,Colchester,eastofengland,libdems,26.3,18.71,29.95,15.78,8.76,0.0,0.0,0.51,0.0,0.0,0.0,0.0,0.0,no,libdems,3.65
12,Arfon,wales,plaidcymru,14.29,30.9,2.02,11.1,3.9,0.0,37.73,0.06,0.0,0.0,0.0,0.0,0.0,no,plaidcymru,6.83
572,Thirsk and Malton,yorkshireandthehumber,conservative,52.11,17.55,7.57,15.03,7.07,0.0,0.0,0.66,0.0,0.0,0.0,0.0,0.0,no,conservative,34.56
265,Harlow,eastofengland,conservative,41.41,34.13,2.72,15.8,4.96,0.0,0.0,0.98,0.0,0.0,0.0,0.0,0.0,no,conservative,7.28
175,Doncaster North,yorkshireandthehumber,labour,17.52,54.72,2.61,17.17,2.57,0.0,0.0,5.41,0.0,0.0,0.0,0.0,0.0,no,labour,37.2
149,Congleton,northwestengland,conservative,44.46,22.41,13.54,14.97,4.49,0.0,0.0,0.14,0.0,0.0,0.0,0.0,0.0,no,conservative,22.05
97,Broxtowe,eastmidlands,conservative,33.63,38.55,4.85,15.86,6.34,0.0,0.0,0.78,0.0,0.0,0.0,0.0,0.0,yes,labour,4.92
57,Blackburn,northwestengland,labour,21.6,53.57,2.14,16.44,3.15,0.0,0.0,3.1,0.0,0.0,0.0,0.0,0.0,no,labour,31.97
346,Luton North,eastofengland,labour,24.83,59.93,1.53,10.17,3.01,0.0,0.0,0.53,0.0,0.0,0.0,0.0,0.0,no,labour,35.11
641,Yeovil,southwestengland,libdems,30.31,8.9,38.53,17.33,4.64,0.0,0.0,0.29,0.0,0.0,0.0,0.0,0.0,no,libdems,8.22
60,Blackpool South,northwestengland,labour,31.55,48.72,2.12,14.25,2.53,0.0,0.0,0.82,0.0,0.0,0.0,0.0,0.0,no,labour,17.17
289,Horsham,southeastengland,conservative,51.01,13.16,14.26,14.07,7.02,0.0,0.0,0.48,0.0,0.0,0.0,0.0,0.0,no,conservative,36.76
391,Newport West,wales,labour,29.62,45.45,3.28,14.53,3.29,0.0,3.23,0.6,0.0,0.0,0.0,0.0,0.0,no,labour,15.83
555,Streatham,london,labour,14.83,48.7,19.27,5.65,11.37,0.0,0.0,0.18,0.0,0.0,0.0,0.0,0.0,no,labour,29.44
329,Lewes,southeastengland,libdems,30.77,8.91,35.41,15.41,8.72,0.0,0.0,0.77,0.0,0.0,0.0,0.0,0.0,no,libdems,4.65
598,Wantage,southeastengland,conservative,51.34,22.21,11.53,9.71,5.19,0.0,0.0,0.03,0.0,0.0,0.0,0.0,0.0,no,conservative,29.13
77,Bradford West,yorkshireandthehumber,other,23.84,43.22,1.42,10.72,4.58,0.0,0.0,16.22,0.0,0.0,0.0,0.0,0.0,yes,labour,19.38
486,Scarborough and Whitby,yorkshireandthehumber,conservative,40.75,30.89,6.69,15.49,5.5,0.0,0.0,0.68,0.0,0.0,0.0,0.0,0.0,no,conservative,9.86
367,Middlesbrough,northeastengland,labour,15.84,50.08,4.12,19.82,4.19,0.0,0.0,5.94,0.0,0.0,0.0,0.0,0.0,no,labour,30.26
604,Watford,eastofengland,conservative,32.37,35.83,14.75,11.81,4.72,0.0,0.0,0.52,0.0,0.0,0.0,0.0,0.0,yes,labour,3.46
352,Maldon,eastofengland,conservative,57.22,20.89,3.05,13.81,4.43,0.0,0.0,0.6,0.0,0.0,0.0,0.0,0.0,no,conservative,36.33
301,Islington North,london,labour,11.38,61.05,12.9,8.71,5.93,0.0,0.0,0.03,0.0,0.0,0.0,0.0,0.0,no,labour,48.15
112,Cardiff Central,wales,libdems,18.28,31.22,26.52,12.31,6.48,0.0,5.08,0.12,0.0,0.0,0.0,0.0,0.0,yes,labour,4.69
95,Bromsgrove,westmidlands,conservative,42.89,23.07,5.63,18.2,4.89,0.0,0.0,5.32,0.0,0.0,0.0,0.0,0.0,no,conservative,19.83
116,Carlisle,northwestengland,conservative,32.89,40.62,2.87,18.07,4.37,0.0,0.0,1.18,0.0,0.0,0.0,0.0,0.0,yes,labour,7.73
41,"Berwickshire, Roxburgh and Selkirk",scotland,libdems,30.35,8.08,28.91,3.03,1.07,28.55,0.0,0.01,0.0,0.0,0.0,0.0,0.0,yes,conservative,1.44
305,Keighley,yorkshireandthehumber,conservative,40.14,41.19,2.17,10.85,4.63,0.0,0.0,1.02,0.0,0.0,0.0,0.0,0.0,yes,labour,1.05
273,Hayes and Harlington,london,labour,23.57,58.02,1.2,12.1,2.76,0.0,0.0,2.36,0.0,0.0,0.0,0.0,0.0,no,labour,34.46
578,Torbay,southwestengland,libdems,32.3,11.14,29.67,22.82,3.67,0.0,0.0,0.39,0.0,0.0,0.0,0.0,0.0,yes,conservative,2.63
313,Kingston upon Hull West and Hessle,yorkshireandthehumber,labour,19.12,51.91,8.22,13.4,3.98,0.0,0.0,3.36,0.0,0.0,0.0,0.0,0.0,no,labour,32.79
575,Tiverton and Honiton,southwestengland,conservative,49.07,13.95,15.0,16.48,5.47,0.0,0.0,0.03,0.0,0.0,0.0,0.0,0.0,no,conservative,32.58
497,Sherwood,eastmidlands,conservative,36.63,42.06,3.57,12.99,3.35,0.0,0.0,1.41,0.0,0.0,0.0,0.0,0.0,yes,labour,5.43
58,Blackley and Broughton,northwestengland,labour,13.63,55.75,1.85,13.6,11.21,0.0,0.0,3.95,0.0,0.0,0.0,0.0,0.0,no,labour,42.12
298,"Inverness, Nairn, Badenoch and Strathspey",scotland,libdems,11.51,11.69,26.49,2.83,1.01,45.0,0.0,1.46,0.0,0.0,0.0,0.0,0.0,yes,snp,18.51
201,East Yorkshire,yorkshireandthehumber,conservative,47.96,25.83,6.37,14.17,3.88,0.0,0.0,1.79,0.0,0.0,0.0,0.0,0.0,no,conservative,22.13
426,Norwich South,eastofengland,libdems,18.87,37.62,15.03,9.53,18.51,0.0,0.0,0.44,0.0,0.0,0.0,0.0,0.0,yes,labour,18.76
437,Orpington,london,conservative,54.32,11.39,11.33,17.44,5.06,0.0,0.0,0.47,0.0,0.0,0.0,0.0,0.0,no,conservative,36.87
164,Dartford,southeastengland,conservative,41.52,34.54,2.03,15.99,2.8,0.0,0.0,3.11,0.0,0.0,0.0,0.0,0.0,no,conservative,6.98
102,Bury South,northwestengland,labour,29.33,47.81,3.78,14.61,3.81,0.0,0.0,0.68,0.0,0.0,0.0,0.0,0.0,no,labour,18.48
336,Linlithgow and East Falkirk,scotland,labour,10.99,33.4,2.96,1.08,0.27,51.29,0.0,0.03,0.0,0.0,0.0,0.0,0.0,yes,snp,17.89
74,Bracknell,southeastengland,conservative,48.67,24.48,6.88,14.32,4.43,0.0,0.0,1.21,0.0,0.0,0.0,0.0,0.0,no,conservative,24.19
374,Monmouth,wales,conservative,43.91,26.41,4.71,16.0,5.95,0.0,2.99,0.03,0.0,0.0,0.0,0.0,0.0,no,conservative,17.5
30,Batley and Spen,yorkshireandthehumber,labour,29.59,47.57,2.38,11.84,5.97,0.0,0.0,2.65,0.0,0.0,0.0,0.0,0.0,no,labour,17.98
535,St. Albans,eastofengland,conservative,35.49,25.5,11.8,16.25,10.94,0.0,0.0,0.03,0.0,0.0,0.0,0.0,0.0,no,conservative,9.99
231,Foyle,northernireland,sdlp,0.0,0.0,0.0,0.11,0.0,0.0,0.0,16.33,29.67,40.94,0.78,11.73,0.45,no,sdlp,11.28
137,Chorley,northwestengland,labour,30.6,46.49,1.87,17.13,3.82,0.0,0.0,0.1,0.0,0.0,0.0,0.0,0.0,no,labour,15.89
356,Mansfield,eastmidlands,labour,24.53,44.2,3.8,15.91,3.28,0.0,0.0,8.28,0.0,0.0,0.0,0.0,0.0,no,labour,19.67
333,Leyton and Wanstead,london,labour,19.3,51.92,14.14,7.95,6.33,0.0,0.0,0.37,0.0,0.0,0.0,0.0,0.0,no,labour,32.62
165,Daventry,eastmidlands,conservative,56.0,18.18,6.53,14.13,4.81,0.0,0.0,0.35,0.0,0.0,0.0,0.0,0.0,no,conservative,37.83
287,Hornchurch and Upminster,london,conservative,42.27,21.98,3.74,25.7,3.12,0.0,0.0,3.19,0.0,0.0,0.0,0.0,0.0,no,conservative,16.57
517,South Northamptonshire,eastmidlands,conservative,53.4,19.39,7.39,13.83,5.8,0.0,0.0,0.18,0.0,0.0,0.0,0.0,0.0,no,conservative,34.0
238,Glasgow Central,scotland,labour,6.27,36.63,4.64,2.56,3.94,42.91,0.0,3.06,0.0,0.0,0.0,0.0,0.0,yes,snp,6.28
69,Bootle,northwestengland,labour,6.7,72.13,2.13,14.43,4.13,0.0,0.0,0.48,0.0,0.0,0.0,0.0,0.0,no,labour,57.71
143,Cleethorpes,yorkshireandthehumber,conservative,39.03,36.87,5.76,14.64,2.87,0.0,0.0,0.82,0.0,0.0,0.0,0.0,0.0,no,conservative,2.16
395,North Antrim,northernireland,dup,0.0,0.0,0.0,0.08,0.0,0.0,0.0,29.81,10.69,7.1,6.02,43.56,2.73,no,dup,13.76
171,Devizes,southwestengland,conservative,53.82,15.56,10.48,15.29,4.63,0.0,0.0,0.23,0.0,0.0,0.0,0.0,0.0,no,conservative,38.25
430,Nuneaton,westmidlands,conservative,34.87,36.78,3.23,16.6,6.81,0.0,0.0,1.71,0.0,0.0,0.0,0.0,0.0,yes,labour,1.91
214,Enfield North,london,conservative,37.59,43.81,3.06,10.4,3.61,0.0,0.0,1.53,0.0,0.0,0.0,0.0,0.0,yes,labour,6.22
271,Hastings and Rye,southeastengland,conservative,34.31,44.16,3.08,12.83,4.11,0.0,0.0,1.52,0.0,0.0,0.0,0.0,0.0,yes,labour,9.86
341,Livingston,scotland,labour,9.86,32.24,1.98,2.32,0.75,51.87,0.0,0.98,0.0,0.0,0.0,0.0,0.0,yes,snp,19.63
595,Walsall South,westmidlands,labour,33.97,43.37,2.62,16.75,2.95,0.0,0.0,0.34,0.0,0.0,0.0,0.0,0.0,no,labour,9.4
205,Edinburgh East,scotland,labour,10.21,28.81,7.09,1.98,4.2,44.64,0.0,3.07,0.0,0.0,0.0,0.0,0.0,yes,snp,15.84
78,Braintree,eastofengland,conservative,41.55,25.38,2.47,22.91,7.4,0.0,0.0,0.29,0.0,0.0,0.0,0.0,0.0,no,conservative,16.17
266,Harrogate and Knaresborough,yorkshireandthehumber,conservative,46.33,10.11,23.6,13.73,5.98,0.0,0.0,0.25,0.0,0.0,0.0,0.0,0.0,no,conservative,22.73
167,Denton and Reddish,northwestengland,labour,21.09,58.11,3.68,13.72,3.29,0.0,0.0,0.11,0.0,0.0,0.0,0.0,0.0,no,labour,37.02
599,Warley,westmidlands,labour,22.71,54.71,3.05,16.04,3.44,0.0,0.0,0.04,0.0,0.0,0.0,0.0,0.0,no,labour,32.0
115,Cardiff West,wales,labour,26.12,43.88,3.74,12.4,6.46,0.0,7.38,0.04,0.0,0.0,0.0,0.0,0.0,no,labour,17.76
220,Esher and Walton,southeastengland,conservative,54.3,16.73,8.25,13.66,6.03,0.0,0.0,1.03,0.0,0.0,0.0,0.0,0.0,no,conservative,37.57
311,Kingston upon Hull East,yorkshireandthehumber,labour,15.85,58.62,7.61,12.79,3.81,0.0,0.0,1.32,0.0,0.0,0.0,0.0,0.0,no,labour,42.77
383,New Forest West,southeastengland,conservative,55.69,15.88,7.78,15.82,4.8,0.0,0.0,0.03,0.0,0.0,0.0,0.0,0.0,no,conservative,39.8
174,Doncaster Central,yorkshireandthehumber,labour,23.02,47.77,5.84,14.89,2.82,0.0,0.0,5.66,0.0,0.0,0.0,0.0,0.0,no,labour,24.75
509,South Derbyshire,eastmidlands,conservative,42.75,33.31,3.74,14.61,3.92,0.0,0.0,1.67,0.0,0.0,0.0,0.0,0.0,no,conservative,9.44
80,Brent Central,london,libdems,9.76,47.69,30.15,6.62,5.31,0.0,0.0,0.46,0.0,0.0,0.0,0.0,0.0,yes,labour,17.54
37,Belfast South,northernireland,sdlp,0.0,0.0,0.0,0.14,0.18,0.0,0.0,3.28,0.16,41.85,12.78,26.03,15.58,no,sdlp,15.82
160,"Cumbernauld, Kilsyth and Kirkintilloch East",scotland,labour,7.04,37.49,1.58,1.88,1.3,50.24,0.0,0.47,0.0,0.0,0.0,0.0,0.0,yes,snp,12.75
422,North Wiltshire,southwestengland,conservative,51.52,11.29,17.34,15.19,4.6,0.0,0.0,0.07,0.0,0.0,0.0,0.0,0.0,no,conservative,34.18
68,Bolton West,northwestengland,labour,31.62,43.7,4.43,16.93,2.73,0.0,0.0,0.59,0.0,0.0,0.0,0.0,0.0,no,labour,12.08
435,Oldham West and Royton,northwestengland,labour,19.81,52.16,4.16,17.52,3.31,0.0,0.0,3.05,0.0,0.0,0.0,0.0,0.0,no,labour,32.35
3,Aberdeen North,scotland,labour,11.63,29.76,6.58,2.33,1.3,47.68,0.0,0.72,0.0,0.0,0.0,0.0,0.0,yes,snp,17.92
16,Ashford,southeastengland,conservative,47.84,23.18,6.8,17.46,4.7,0.0,0.0,0.03,0.0,0.0,0.0,0.0,0.0,no,conservative,24.66
2,Aberconwy,wales,conservative,33.31,25.71,4.71,14.37,3.34,0.0,18.5,0.07,0.0,0.0,0.0,0.0,0.0,no,conservative,7.6
398,North Devon,southwestengland,libdems,36.66,8.28,31.58,16.24,5.63,0.0,0.0,1.6,0.0,0.0,0.0,0.0,0.0,yes,conservative,5.08
145,Clwyd West,wales,conservative,37.24,24.95,2.19,16.08,3.98,0.0,15.43,0.12,0.0,0.0,0.0,0.0,0.0,no,conservative,12.29
24,Barnsley East,yorkshireandthehumber,labour,15.43,56.67,4.23,12.74,3.0,0.0,0.0,7.94,0.0,0.0,0.0,0.0,0.0,no,labour,41.24
192,East Dunbartonshire,scotland,libdems,12.6,16.87,29.41,1.25,1.09,38.78,0.0,0.0,0.0,0.0,0.0,0.0,0.0,yes,snp,9.37
537,St. Helens North,northwestengland,labour,19.23,60.28,5.18,11.92,3.23,0.0,0.0,0.16,0.0,0.0,0.0,0.0,0.0,no,labour,41.05
254,Greenwich and Woolwich,london,labour,19.72,53.42,6.5,12.54,5.86,0.0,0.0,1.97,0.0,0.0,0.0,0.0,0.0,no,labour,33.7
190,East Antrim,northernireland,dup,0.0,0.0,0.0,0.16,0.0,0.0,0.0,14.4,0.0,8.89,17.74,47.92,10.9,no,dup,30.18
211,Ellesmere Port and Neston,northwestengland,labour,29.87,51.13,2.16,12.81,3.79,0.0,0.0,0.25,0.0,0.0,0.0,0.0,0.0,no,labour,21.26
441,Paisley and Renfrewshire South,scotland,labour,6.53,39.59,1.06,2.03,0.98,48.82,0.0,1.0,0.0,0.0,0.0,0.0,0.0,yes,snp,9.23
208,Edinburgh South West,scotland,labour,21.7,28.64,5.32,1.97,5.44,36.44,0.0,0.5,0.0,0.0,0.0,0.0,0.0,yes,snp,7.8
325,Leicester East,eastmidlands,labour,22.47,59.45,2.92,8.3,5.33,0.0,0.0,1.54,0.0,0.0,0.0,0.0,0.0,no,labour,36.99
527,South West Norfolk,eastofengland,conservative,42.52,26.62,3.17,20.81,5.99,0.0,0.0,0.89,0.0,0.0,0.0,0.0,0.0,no,conservative,15.9
321,Leeds East,yorkshireandthehumber,labour,18.94,52.49,2.9,14.77,7.4,0.0,0.0,3.49,0.0,0.0,0.0,0.0,0.0,no,labour,33.55
397,North Cornwall,southwestengland,libdems,35.67,4.98,37.58,13.88,4.95,0.0,0.0,2.94,0.0,0.0,0.0,0.0,0.0,no,libdems,1.9
616,West Dunbartonshire,scotland,labour,6.84,42.0,1.12,2.65,1.21,45.71,0.0,0.48,0.0,0.0,0.0,0.0,0.0,yes,snp,3.7
449,Pontypridd,wales,labour,15.01,45.16,13.68,14.11,3.32,0.0,8.36,0.35,0.0,0.0,0.0,0.0,0.0,no,labour,30.16
498,Shipley,yorkshireandthehumber,conservative,46.41,33.3,5.14,10.6,4.52,0.0,0.0,0.03,0.0,0.0,0.0,0.0,0.0,no,conservative,13.11
26,Basildon and Billericay,eastofengland,conservative,35.18,24.59,1.75,32.56,4.85,0.0,0.0,1.07,0.0,0.0,0.0,0.0,0.0,no,conservative,2.61
82,Brentford and Isleworth,london,conservative,34.1,40.81,10.9,9.36,4.29,0.0,0.0,0.53,0.0,0.0,0.0,0.0,0.0,yes,labour,6.71
611,Wentworth and Dearne,yorkshireandthehumber,labour,16.7,61.06,3.28,13.05,2.57,0.0,0.0,3.34,0.0,0.0,0.0,0.0,0.0,no,labour,44.36
56,Bishop Auckland,northeastengland,labour,23.59,45.39,5.82,15.9,4.53,0.0,0.0,4.77,0.0,0.0,0.0,0.0,0.0,no,labour,21.8
229,Folkestone and Hythe,southeastengland,conservative,42.23,16.88,11.29,23.07,4.79,0.0,0.0,1.73,0.0,0.0,0.0,0.0,0.0,no,conservative,19.16
563,Swansea East,wales,labour,11.42,49.65,3.64,20.51,6.5,0.0,6.47,1.81,0.0,0.0,0.0,0.0,0.0,no,labour,29.14
274,Hazel Grove,northwestengland,libdems,30.11,15.97,34.09,16.36,3.44,0.0,0.0,0.03,0.0,0.0,0.0,0.0,0.0,no,libdems,3.98
282,Hexham,northeastengland,conservative,43.59,24.2,11.33,12.6,4.59,0.0,0.0,3.69,0.0,0.0,0.0,0.0,0.0,no,conservative,19.39
456,Pudsey,yorkshireandthehumber,conservative,40.56,39.62,6.92,7.95,3.97,0.0,0.0,0.98,0.0,0.0,0.0,0.0,0.0,no,conservative,0.94
195,"East Kilbride, Strathaven and Lesmahagow",scotland,labour,12.06,35.03,1.4,2.04,0.37,48.28,0.0,0.81,0.0,0.0,0.0,0.0,0.0,yes,snp,13.24
351,Makerfield,northwestengland,labour,15.28,53.79,2.3,16.18,3.05,0.0,0.0,9.41,0.0,0.0,0.0,0.0,0.0,no,labour,37.61
548,Stoke-on-Trent Central,westmidlands,labour,20.45,43.66,7.09,16.01,3.24,0.0,0.0,9.55,0.0,0.0,0.0,0.0,0.0,no,labour,23.21
264,Harborough,eastmidlands,conservative,48.69,14.92,14.76,13.97,6.11,0.0,0.0,1.56,0.0,0.0,0.0,0.0,0.0,no,conservative,33.76
643,Workington,northwestengland,labour,27.53,49.65,1.85,15.91,4.35,0.0,0.0,0.71,0.0,0.0,0.0,0.0,0.0,no,labour,22.12
212,Elmet and Rothwell,yorkshireandthehumber,conservative,39.37,37.7,3.6,13.24,5.42,0.0,0.0,0.67,0.0,0.0,0.0,0.0,0.0,no,conservative,1.67
206,Edinburgh North and Leith,scotland,labour,14.32,29.05,7.57,1.12,5.83,41.87,0.0,0.24,0.0,0.0,0.0,0.0,0.0,yes,snp,12.82
150,Copeland,northwestengland,labour,31.71,52.26,1.45,11.91,2.18,0.0,0.0,0.49,0.0,0.0,0.0,0.0,0.0,no,labour,20.55
550,Stoke-on-Trent South,westmidlands,labour,27.55,43.23,3.3,14.04,2.88,0.0,0.0,8.99,0.0,0.0,0.0,0.0,0.0,no,labour,15.68
499,Shrewsbury and Atcham,westmidlands,conservative,42.99,21.75,11.77,16.76,6.32,0.0,0.0,0.41,0.0,0.0,0.0,0.0,0.0,no,conservative,21.24
320,Leeds Central,yorkshireandthehumber,labour,16.59,52.05,4.73,15.05,7.54,0.0,0.0,4.03,0.0,0.0,0.0,0.0,0.0,no,labour,35.46
635,Wythenshawe and Sale East,northwestengland,labour,22.84,53.82,6.62,11.04,4.99,0.0,0.0,0.69,0.0,0.0,0.0,0.0,0.0,no,labour,30.97
243,Glasgow South,scotland,labour,10.24,34.99,2.28,2.29,2.26,46.01,0.0,1.94,0.0,0.0,0.0,0.0,0.0,yes,snp,11.03
417,North West Cambridgeshire,eastofengland,conservative,47.19,26.04,3.58,16.45,6.37,0.0,0.0,0.37,0.0,0.0,0.0,0.0,0.0,no,conservative,21.15
495,Sheffield Heeley,yorkshireandthehumber,labour,15.42,49.24,10.42,14.05,9.17,0.0,0.0,1.7,0.0,0.0,0.0,0.0,0.0,no,labour,33.82
463,Reigate,southeastengland,conservative,47.17,16.87,8.87,17.94,7.88,0.0,0.0,1.27,0.0,0.0,0.0,0.0,0.0,no,conservative,29.24
209,Edinburgh West,scotland,libdems,21.49,14.67,26.09,1.77,3.59,32.35,0.0,0.03,0.0,0.0,0.0,0.0,0.0,yes,snp,6.26
433,Old Bexley and Sidcup,london,conservative,46.08,21.25,4.69,21.89,3.15,0.0,0.0,2.96,0.0,0.0,0.0,0.0,0.0,no,conservative,24.19
157,Croydon Central,london,conservative,44.36,40.38,2.04,10.12,3.05,0.0,0.0,0.06,0.0,0.0,0.0,0.0,0.0,no,conservative,3.97
344,Louth and Horncastle,eastmidlands,conservative,51.13,20.71,8.68,13.35,3.03,0.0,0.0,3.11,0.0,0.0,0.0,0.0,0.0,no,conservative,30.42
71,Bosworth,eastmidlands,conservative,41.53,18.19,16.03,17.23,4.5,0.0,0.0,2.53,0.0,0.0,0.0,0.0,0.0,no,conservative,23.34
129,Chelsea and Fulham,london,conservative,59.72,23.62,6.14,6.12,4.1,0.0,0.0,0.31,0.0,0.0,0.0,0.0,0.0,no,conservative,36.1
339,"Liverpool, Wavertree",northwestengland,labour,5.63,60.67,14.1,12.53,6.88,0.0,0.0,0.19,0.0,0.0,0.0,0.0,0.0,no,labour,46.58
481,Rutherglen and Hamilton West,scotland,labour,9.55,45.34,2.72,2.28,0.42,39.66,0.0,0.03,0.0,0.0,0.0,0.0,0.0,no,labour,5.68
256,Hackney North and Stoke Newington,london,labour,11.75,62.12,10.94,3.58,11.31,0.0,0.0,0.3,0.0,0.0,0.0,0.0,0.0,no,labour,50.37
125,Charnwood,eastmidlands,conservative,50.38,23.02,8.05,11.43,4.59,0.0,0.0,2.53,0.0,0.0,0.0,0.0,0.0,no,conservative,27.36
393,Newton Abbot,southwestengland,conservative,41.5,11.93,21.09,19.21,6.0,0.0,0.0,0.27,0.0,0.0,0.0,0.0,0.0,no,conservative,20.41
200,East Worthing and Shoreham,southeastengland,conservative,48.42,26.2,9.9,11.7,3.65,0.0,0.0,0.13,0.0,0.0,0.0,0.0,0.0,no,conservative,22.22
138,Christchurch,southwestengland,conservative,59.48,16.17,10.38,11.8,2.14,0.0,0.0,0.03,0.0,0.0,0.0,0.0,0.0,no,conservative,43.3
576,Tonbridge and Malling,southeastengland,conservative,51.99,18.66,6.61,17.37,4.75,0.0,0.0,0.63,0.0,0.0,0.0,0.0,0.0,no,conservative,33.33
512,South East Cambridgeshire,eastofengland,conservative,50.13,15.26,15.42,12.65,6.23,0.0,0.0,0.3,0.0,0.0,0.0,0.0,0.0,no,conservative,34.7
224,Faversham and Mid Kent,southeastengland,conservative,50.85,23.61,4.94,16.38,3.4,0.0,0.0,0.82,0.0,0.0,0.0,0.0,0.0,no,conservative,27.24
173,Don Valley,yorkshireandthehumber,labour,27.76,45.91,3.48,14.49,2.75,0.0,0.0,5.61,0.0,0.0,0.0,0.0,0.0,no,labour,18.15
50,Birmingham Hodge Hill,westmidlands,labour,10.93,56.6,10.98,12.49,5.37,0.0,0.0,3.63,0.0,0.0,0.0,0.0,0.0,no,labour,44.11
242,Glasgow North West,scotland,labour,8.86,39.03,4.35,2.1,3.16,40.46,0.0,2.05,0.0,0.0,0.0,0.0,0.0,yes,snp,1.43
139,Cities of London and Westminster,london,conservative,45.81,24.96,8.18,12.5,8.37,0.0,0.0,0.18,0.0,0.0,0.0,0.0,0.0,no,conservative,20.84
582,Tottenham,london,labour,12.18,67.22,6.68,5.63,6.8,0.0,0.0,1.49,0.0,0.0,0.0,0.0,0.0,no,labour,55.04
606,Wealden,southeastengland,conservative,51.32,14.97,8.72,19.01,5.95,0.0,0.0,0.03,0.0,0.0,0.0,0.0,0.0,no,conservative,32.31
490,Selby and Ainsty,yorkshireandthehumber,conservative,48.84,31.38,3.93,11.8,3.26,0.0,0.0,0.79,0.0,0.0,0.0,0.0,0.0,no,conservative,17.46
314,Kingswood,southwestengland,conservative,40.6,35.11,4.61,14.75,3.93,0.0,0.0,1.0,0.0,0.0,0.0,0.0,0.0,no,conservative,5.48
355,"Manchester, Withington",northwestengland,libdems,7.93,46.02,26.03,9.95,9.77,0.0,0.0,0.3,0.0,0.0,0.0,0.0,0.0,yes,labour,19.98
79,Brecon and Radnorshire,wales,libdems,31.76,12.43,31.44,15.27,4.79,0.0,4.18,0.12,0.0,0.0,0.0,0.0,0.0,yes,conservative,0.31
461,Redcar,northeastengland,libdems,12.68,40.59,27.85,15.15,2.81,0.0,0.0,0.92,0.0,0.0,0.0,0.0,0.0,yes,labour,12.74
5,Airdrie and Shotts,scotland,labour,7.59,39.33,1.08,3.34,0.82,47.72,0.0,0.13,0.0,0.0,0.0,0.0,0.0,yes,snp,8.39
530,Southampton Itchen,southeastengland,labour,30.54,42.21,6.32,15.36,5.54,0.0,0.0,0.02,0.0,0.0,0.0,0.0,0.0,no,labour,11.67
291,Hove,southeastengland,conservative,36.36,43.35,5.6,5.53,8.4,0.0,0.0,0.76,0.0,0.0,0.0,0.0,0.0,yes,labour,6.99
372,Mitcham and Morden,london,labour,20.95,62.26,2.78,10.45,2.71,0.0,0.0,0.85,0.0,0.0,0.0,0.0,0.0,no,labour,41.3
123,Central Suffolk and North Ipswich,eastofengland,conservative,45.14,23.92,4.99,16.23,9.58,0.0,0.0,0.14,0.0,0.0,0.0,0.0,0.0,no,conservative,21.22
477,Rugby,westmidlands,conservative,40.81,31.07,5.21,16.61,5.64,0.0,0.0,0.66,0.0,0.0,0.0,0.0,0.0,no,conservative,9.75
20,Banbury,southeastengland,conservative,46.63,26.04,5.36,15.48,6.36,0.0,0.0,0.13,0.0,0.0,0.0,0.0,0.0,no,conservative,20.6
44,Bexhill and Battle,southeastengland,conservative,46.17,18.01,9.82,15.82,4.32,0.0,0.0,5.86,0.0,0.0,0.0,0.0,0.0,no,conservative,28.16
275,Hemel Hempstead,eastofengland,conservative,47.41,31.69,3.85,11.03,4.95,0.0,0.0,1.06,0.0,0.0,0.0,0.0,0.0,no,conservative,15.72
588,Uxbridge and South Ruislip,london,conservative,45.7,28.28,8.56,12.93,2.95,0.0,0.0,1.58,0.0,0.0,0.0,0.0,0.0,no,conservative,17.43
280,Hertford and Stortford,eastofengland,conservative,50.72,22.24,5.67,14.13,6.5,0.0,0.0,0.75,0.0,0.0,0.0,0.0,0.0,no,conservative,28.48
158,Croydon North,london,labour,19.65,60.86,4.02,10.82,4.34,0.0,0.0,0.31,0.0,0.0,0.0,0.0,0.0,no,labour,41.21
511,South Down,northernireland,sdlp,0.0,0.0,0.0,0.0,0.0,0.0,0.0,9.93,28.43,47.59,3.81,9.06,1.17,no,sdlp,19.16
445,Perth and North Perthshire,scotland,snp,25.28,5.98,2.38,1.67,0.61,63.95,0.0,0.14,0.0,0.0,0.0,0.0,0.0,no,snp,38.67
185,Dwyfor Meirionnydd,wales,plaidcymru,19.31,14.65,1.77,12.04,4.45,0.0,46.26,1.52,0.0,0.0,0.0,0.0,0.0,no,plaidcymru,26.95
142,Clacton,eastofengland,ukip,27.28,24.32,1.31,39.75,5.53,0.0,0.0,1.81,0.0,0.0,0.0,0.0,0.0,no,ukip,12.47
184,Dunfermline and West Fife,scotland,labour,7.27,36.05,21.08,2.16,0.86,32.54,0.0,0.03,0.0,0.0,0.0,0.0,0.0,no,labour,3.51
66,Bolton North East,northwestengland,labour,29.74,49.78,1.76,15.68,2.99,0.0,0.0,0.06,0.0,0.0,0.0,0.0,0.0,no,labour,20.04
453,Portsmouth South,southeastengland,other,30.41,21.19,24.42,15.99,6.31,0.0,0.0,1.68,0.0,0.0,0.0,0.0,0.0,yes,conservative,5.99
560,Surrey Heath,southeastengland,conservative,57.73,17.36,10.1,11.58,3.2,0.0,0.0,0.03,0.0,0.0,0.0,0.0,0.0,no,conservative,40.37
328,Leigh,northwestengland,labour,17.67,55.66,3.72,16.21,3.05,0.0,0.0,3.68,0.0,0.0,0.0,0.0,0.0,no,labour,38.0
290,Houghton and Sunderland South,northeastengland,labour,18.52,55.42,1.95,14.37,3.75,0.0,0.0,5.99,0.0,0.0,0.0,0.0,0.0,no,labour,36.9
559,Sunderland Central,northeastengland,labour,26.85,52.01,2.65,13.69,3.6,0.0,0.0,1.2,0.0,0.0,0.0,0.0,0.0,no,labour,25.15
294,Hyndburn,northwestengland,labour,28.78,47.17,1.68,16.52,2.68,0.0,0.0,3.17,0.0,0.0,0.0,0.0,0.0,no,labour,18.39
84,Bridgend,wales,labour,28.36,41.29,7.08,13.1,3.12,0.0,6.64,0.41,0.0,0.0,0.0,0.0,0.0,no,labour,12.93
621,West Worcestershire,westmidlands,conservative,51.71,7.88,19.22,14.27,6.89,0.0,0.0,0.03,0.0,0.0,0.0,0.0,0.0,no,conservative,32.49
64,Bognor Regis and Littlehampton,southeastengland,conservative,40.85,19.02,7.7,24.99,4.36,0.0,0.0,3.08,0.0,0.0,0.0,0.0,0.0,no,conservative,15.86
475,Rother Valley,yorkshireandthehumber,labour,24.27,46.52,3.76,19.81,2.7,0.0,0.0,2.93,0.0,0.0,0.0,0.0,0.0,no,labour,22.25
566,Tatton,northwestengland,conservative,50.74,21.52,6.27,15.6,4.68,0.0,0.0,1.19,0.0,0.0,0.0,0.0,0.0,no,conservative,29.23
197,East Lothian,scotland,labour,19.42,31.4,5.81,2.25,1.35,39.42,0.0,0.36,0.0,0.0,0.0,0.0,0.0,yes,snp,8.02
600,Warrington North,northwestengland,labour,24.73,50.48,4.78,15.81,3.73,0.0,0.0,0.47,0.0,0.0,0.0,0.0,0.0,no,labour,25.75
529,South West Wiltshire,southwestengland,conservative,50.51,17.19,12.9,14.79,4.48,0.0,0.0,0.14,0.0,0.0,0.0,0.0,0.0,no,conservative,33.32
358,Meriden,westmidlands,conservative,48.94,21.02,4.21,16.78,6.24,0.0,0.0,2.81,0.0,0.0,0.0,0.0,0.0,no,conservative,27.92
510,South Dorset,southwestengland,conservative,39.05,35.09,4.45,16.76,4.59,0.0,0.0,0.06,0.0,0.0,0.0,0.0,0.0,no,conservative,3.96
241,Glasgow North East,scotland,labour,4.78,49.24,1.1,3.23,3.0,36.84,0.0,1.82,0.0,0.0,0.0,0.0,0.0,no,labour,12.4
286,Holborn and St. Pancras,london,labour,18.22,56.57,14.97,5.88,4.08,0.0,0.0,0.29,0.0,0.0,0.0,0.0,0.0,no,labour,38.35
501,Skipton and Ripon,yorkshireandthehumber,conservative,49.41,13.4,13.52,16.83,6.33,0.0,0.0,0.52,0.0,0.0,0.0,0.0,0.0,no,conservative,32.58
644,Worsley and Eccles South,northwestengland,labour,27.23,48.43,2.71,16.57,4.61,0.0,0.0,0.45,0.0,0.0,0.0,0.0,0.0,no,labour,21.2
304,Jarrow,northeastengland,labour,17.89,59.44,3.29,13.21,3.46,0.0,0.0,2.72,0.0,0.0,0.0,0.0,0.0,no,labour,41.55
567,Taunton Deane,southwestengland,libdems,37.56,9.98,32.44,14.71,5.05,0.0,0.0,0.27,0.0,0.0,0.0,0.0,0.0,yes,conservative,5.12
153,Coventry North West,westmidlands,labour,27.73,46.21,4.48,13.24,5.42,0.0,0.0,2.92,0.0,0.0,0.0,0.0,0.0,no,labour,18.48
440,Paisley and Renfrewshire North,scotland,labour,13.93,37.98,1.69,2.04,0.77,43.23,0.0,0.36,0.0,0.0,0.0,0.0,0.0,yes,snp,5.26
233,Gainsborough,eastmidlands,conservative,48.76,18.04,12.34,15.54,4.73,0.0,0.0,0.59,0.0,0.0,0.0,0.0,0.0,no,conservative,30.72
105,"Caithness, Sutherland and Easter Ross",scotland,libdems,11.84,12.2,29.67,2.83,1.55,41.56,0.0,0.35,0.0,0.0,0.0,0.0,0.0,yes,snp,11.89
380,Na h-Eileanan an Iar,scotland,snp,3.6,16.61,0.94,1.33,0.45,71.77,0.0,5.31,0.0,0.0,0.0,0.0,0.0,no,snp,55.16
348,Macclesfield,northwestengland,conservative,45.8,26.09,7.35,15.14,4.54,0.0,0.0,1.08,0.0,0.0,0.0,0.0,0.0,no,conservative,19.7
337,"Liverpool, Riverside",northwestengland,labour,8.53,65.94,6.53,12.1,6.64,0.0,0.0,0.26,0.0,0.0,0.0,0.0,0.0,no,labour,53.84
521,South Suffolk,eastofengland,conservative,44.35,22.64,9.07,16.54,7.37,0.0,0.0,0.03,0.0,0.0,0.0,0.0,0.0,no,conservative,21.7
219,Erith and Thamesmead,london,labour,24.79,47.32,2.63,17.53,4.11,0.0,0.0,3.62,0.0,0.0,0.0,0.0,0.0,no,labour,22.53
518,South Ribble,northwestengland,conservative,38.67,38.39,6.79,12.97,2.32,0.0,0.0,0.86,0.0,0.0,0.0,0.0,0.0,no,conservative,0.27
460,Reading West,southeastengland,conservative,37.15,38.28,4.94,12.28,6.7,0.0,0.0,0.64,0.0,0.0,0.0,0.0,0.0,yes,labour,1.13
580,Torridge and West Devon,southwestengland,conservative,44.55,9.17,20.0,19.63,6.44,0.0,0.0,0.21,0.0,0.0,0.0,0.0,0.0,no,conservative,24.55
429,Nottingham South,eastmidlands,labour,30.82,42.52,8.72,10.28,7.23,0.0,0.0,0.42,0.0,0.0,0.0,0.0,0.0,no,labour,11.71
615,West Dorset,southwestengland,conservative,46.45,11.04,20.23,15.8,6.45,0.0,0.0,0.03,0.0,0.0,0.0,0.0,0.0,no,conservative,26.22
450,Poole,southwestengland,conservative,44.22,17.95,12.83,20.01,4.3,0.0,0.0,0.69,0.0,0.0,0.0,0.0,0.0,no,conservative,24.21
73,Bournemouth West,southwestengland,conservative,44.83,21.61,14.12,15.21,4.06,0.0,0.0,0.17,0.0,0.0,0.0,0.0,0.0,no,conservative,23.22
111,Canterbury,southeastengland,conservative,42.64,24.35,14.36,11.85,6.75,0.0,0.0,0.05,0.0,0.0,0.0,0.0,0.0,no,conservative,18.28
622,Westminster North,london,labour,33.12,49.92,4.0,6.58,6.14,0.0,0.0,0.24,0.0,0.0,0.0,0.0,0.0,no,labour,16.79
420,North West Leicestershire,eastmidlands,conservative,42.45,32.48,4.25,13.83,4.14,0.0,0.0,2.85,0.0,0.0,0.0,0.0,0.0,no,conservative,9.97
525,South West Devon,southwestengland,conservative,55.97,18.72,8.93,11.1,5.25,0.0,0.0,0.03,0.0,0.0,0.0,0.0,0.0,no,conservative,37.25
421,North West Norfolk,eastofengland,conservative,48.17,20.38,3.74,21.5,5.2,0.0,0.0,1.0,0.0,0.0,0.0,0.0,0.0,no,conservative,26.67
101,Bury North,northwestengland,conservative,35.28,40.48,3.52,16.44,3.48,0.0,0.0,0.8,0.0,0.0,0.0,0.0,0.0,yes,labour,5.2
7,Aldridge-Brownhills,westmidlands,conservative,55.72,20.16,4.01,16.96,2.99,0.0,0.0,0.15,0.0,0.0,0.0,0.0,0.0,no,conservative,35.56
375,Montgomeryshire,wales,conservative,40.68,8.33,18.22,16.67,6.46,0.0,9.32,0.33,0.0,0.0,0.0,0.0,0.0,no,conservative,22.46
538,St. Helens South and Whiston,northwestengland,labour,15.28,62.47,6.41,11.95,3.24,0.0,0.0,0.66,0.0,0.0,0.0,0.0,0.0,no,labour,47.2
455,Preston,northwestengland,labour,16.59,50.57,6.73,20.29,5.67,0.0,0.0,0.15,0.0,0.0,0.0,0.0,0.0,no,labour,30.29
81,Brent North,london,labour,27.64,54.64,6.2,6.1,5.05,0.0,0.0,0.38,0.0,0.0,0.0,0.0,0.0,no,labour,27.0
415,North Tyneside,northeastengland,labour,16.07,56.84,6.13,14.04,5.21,0.0,0.0,1.7,0.0,0.0,0.0,0.0,0.0,no,labour,40.77
406,North East Hampshire,southeastengland,conservative,58.06,16.09,9.16,12.02,4.64,0.0,0.0,0.03,0.0,0.0,0.0,0.0,0.0,no,conservative,41.96
47,Birmingham Edgbaston,westmidlands,labour,33.83,44.79,2.9,12.19,5.2,0.0,0.0,1.09,0.0,0.0,0.0,0.0,0.0,no,labour,10.96
199,East Surrey,southeastengland,conservative,56.27,15.54,10.01,13.81,3.85,0.0,0.0,0.52,0.0,0.0,0.0,0.0,0.0,no,conservative,40.73
444,Penrith and The Border,northwestengland,conservative,56.02,18.68,11.92,9.13,3.85,0.0,0.0,0.41,0.0,0.0,0.0,0.0,0.0,no,conservative,37.34
471,Romford,london,conservative,43.57,19.65,2.42,28.48,3.15,0.0,0.0,2.74,0.0,0.0,0.0,0.0,0.0,no,conservative,15.09
484,Salford and Eccles,northwestengland,labour,17.22,47.45,8.69,17.4,4.84,0.0,0.0,4.4,0.0,0.0,0.0,0.0,0.0,no,labour,30.05
639,Wolverhampton South East,westmidlands,labour,27.07,50.98,3.04,15.37,3.4,0.0,0.0,0.14,0.0,0.0,0.0,0.0,0.0,no,labour,23.91
42,Bethnal Green and Bow,london,labour,11.29,50.2,8.23,7.35,8.45,0.0,0.0,14.47,0.0,0.0,0.0,0.0,0.0,no,labour,35.73
166,Delyn,wales,labour,30.07,42.61,2.35,16.19,3.22,0.0,5.23,0.32,0.0,0.0,0.0,0.0,0.0,no,labour,12.54
223,Fareham,southeastengland,conservative,49.35,20.49,7.45,17.29,5.18,0.0,0.0,0.25,0.0,0.0,0.0,0.0,0.0,no,conservative,28.86
121,Central Ayrshire,scotland,labour,19.48,32.88,2.52,1.48,0.35,43.16,0.0,0.14,0.0,0.0,0.0,0.0,0.0,yes,snp,10.28
278,Henley,southeastengland,conservative,51.29,16.82,8.53,14.66,7.94,0.0,0.0,0.76,0.0,0.0,0.0,0.0,0.0,no,conservative,34.47
13,Argyll and Bute,scotland,libdems,21.73,10.79,22.43,2.4,1.07,40.7,0.0,0.87,0.0,0.0,0.0,0.0,0.0,yes,snp,18.27
300,Isle of Wight,southeastengland,conservative,41.88,17.55,12.73,18.14,6.5,0.0,0.0,3.2,0.0,0.0,0.0,0.0,0.0,no,conservative,23.74
151,Corby,eastmidlands,labour,31.95,39.7,2.79,19.91,4.25,0.0,0.0,1.39,0.0,0.0,0.0,0.0,0.0,no,labour,7.75
35,Belfast East,northernireland,alliance,0.0,0.0,0.0,0.83,0.51,0.0,0.0,14.46,2.02,0.41,0.0,47.19,34.59,yes,dup,12.6
237,Gillingham and Rainham,southeastengland,conservative,41.84,36.81,4.06,12.01,2.98,0.0,0.0,2.29,0.0,0.0,0.0,0.0,0.0,no,conservative,5.03
303,Islwyn,wales,labour,11.24,49.53,1.44,15.86,3.42,0.0,12.83,5.68,0.0,0.0,0.0,0.0,0.0,no,labour,33.67
91,Bristol South,southwestengland,labour,21.2,49.9,11.49,6.98,8.37,0.0,0.0,2.06,0.0,0.0,0.0,0.0,0.0,no,labour,28.7
179,Dulwich and West Norwood,london,labour,19.15,54.84,13.75,5.54,6.69,0.0,0.0,0.03,0.0,0.0,0.0,0.0,0.0,no,labour,35.69
334,Lichfield,westmidlands,conservative,52.28,20.65,5.84,17.33,3.88,0.0,0.0,0.03,0.0,0.0,0.0,0.0,0.0,no,conservative,31.64
49,Birmingham Hall Green,westmidlands,labour,14.89,38.61,9.28,12.01,5.18,0.0,0.0,20.02,0.0,0.0,0.0,0.0,0.0,no,labour,18.59
99,Burnley,northwestengland,libdems,13.37,37.44,23.5,17.31,2.44,0.0,0.0,5.93,0.0,0.0,0.0,0.0,0.0,yes,labour,13.94
609,Wells,southwestengland,libdems,38.76,12.26,29.69,15.03,4.06,0.0,0.0,0.2,0.0,0.0,0.0,0.0,0.0,yes,conservative,9.06
612,West Aberdeenshire and Kincardine,scotland,libdems,26.72,7.4,24.19,2.51,1.28,37.82,0.0,0.08,0.0,0.0,0.0,0.0,0.0,yes,snp,11.1
127,Cheadle,northwestengland,libdems,35.56,14.28,32.82,13.91,2.66,0.0,0.0,0.77,0.0,0.0,0.0,0.0,0.0,yes,conservative,2.74
526,South West Hertfordshire,eastofengland,conservative,46.81,17.71,6.05,20.41,8.12,0.0,0.0,0.9,0.0,0.0,0.0,0.0,0.0,no,conservative,26.4
389,Newcastle-under-Lyme,westmidlands,labour,29.77,37.67,5.11,21.72,5.7,0.0,0.0,0.03,0.0,0.0,0.0,0.0,0.0,no,labour,7.9
239,Glasgow East,scotland,labour,3.97,39.71,0.78,2.67,2.08,49.23,0.0,1.57,0.0,0.0,0.0,0.0,0.0,yes,snp,9.52
327,Leicester West,eastmidlands,labour,25.93,44.9,8.7,10.18,6.47,0.0,0.0,3.81,0.0,0.0,0.0,0.0,0.0,no,labour,18.96
608,Wellingborough,eastmidlands,conservative,48.1,28.86,4.93,12.56,3.56,0.0,0.0,1.99,0.0,0.0,0.0,0.0,0.0,no,conservative,19.24
248,Gosport,southeastengland,conservative,48.5,24.92,6.06,13.33,3.31,0.0,0.0,3.89,0.0,0.0,0.0,0.0,0.0,no,conservative,23.58
46,Birkenhead,northwestengland,labour,14.39,64.6,3.38,12.88,4.7,0.0,0.0,0.06,0.0,0.0,0.0,0.0,0.0,no,labour,50.22
451,Poplar and Limehouse,london,labour,22.75,45.97,2.29,7.53,8.72,0.0,0.0,12.75,0.0,0.0,0.0,0.0,0.0,no,labour,23.21
117,Carmarthen East and Dinefwr,wales,plaidcymru,16.58,23.35,1.5,20.35,5.84,0.0,32.34,0.03,0.0,0.0,0.0,0.0,0.0,no,plaidcymru,8.99
365,Mid Ulster,northernireland,sinnfein,0.0,0.0,0.0,0.1,0.0,0.0,0.0,15.93,49.61,12.63,6.49,14.45,0.8,no,sinnfein,33.68
516,South Norfolk,eastofengland,conservative,42.9,19.89,7.34,19.12,10.46,0.0,0.0,0.29,0.0,0.0,0.0,0.0,0.0,no,conservative,23.01
176,Dover,southeastengland,conservative,39.41,33.56,2.87,19.83,4.06,0.0,0.0,0.28,0.0,0.0,0.0,0.0,0.0,no,conservative,5.85
170,Derbyshire Dales,eastmidlands,conservative,50.46,21.6,8.39,11.9,7.57,0.0,0.0,0.09,0.0,0.0,0.0,0.0,0.0,no,conservative,28.86
483,Saffron Walden,eastofengland,conservative,55.23,17.59,7.28,13.69,5.88,0.0,0.0,0.32,0.0,0.0,0.0,0.0,0.0,no,conservative,37.64
613,West Bromwich East,westmidlands,labour,26.07,47.76,1.86,16.11,3.47,0.0,0.0,4.73,0.0,0.0,0.0,0.0,0.0,no,labour,21.69
425,Norwich North,eastofengland,conservative,35.66,37.69,5.91,11.85,7.9,0.0,0.0,0.98,0.0,0.0,0.0,0.0,0.0,yes,labour,2.02
180,Dumfries and Galloway,scotland,labour,30.53,30.05,1.67,3.15,1.31,33.28,0.0,0.01,0.0,0.0,0.0,0.0,0.0,yes,snp,2.75
146,"Coatbridge, Chryston and Bellshill",scotland,labour,7.09,46.38,1.15,2.51,0.77,41.74,0.0,0.37,0.0,0.0,0.0,0.0,0.0,no,labour,4.65
203,Eastleigh,southeastengland,libdems,30.14,13.6,31.75,20.06,4.1,0.0,0.0,0.34,0.0,0.0,0.0,0.0,0.0,no,libdems,1.61
15,Ashfield,eastmidlands,labour,20.01,38.15,15.55,17.99,3.78,0.0,0.0,4.53,0.0,0.0,0.0,0.0,0.0,no,labour,18.14
296,Ilford South,london,labour,22.98,55.28,6.06,11.04,4.43,0.0,0.0,0.21,0.0,0.0,0.0,0.0,0.0,no,labour,32.3
561,Sutton and Cheam,london,libdems,36.24,9.95,39.23,11.47,2.82,0.0,0.0,0.3,0.0,0.0,0.0,0.0,0.0,no,libdems,2.99
140,City of Chester,northwestengland,conservative,35.58,43.24,5.88,11.28,3.36,0.0,0.0,0.66,0.0,0.0,0.0,0.0,0.0,yes,labour,7.66
213,Eltham,london,labour,31.19,45.9,3.1,12.39,5.79,0.0,0.0,1.62,0.0,0.0,0.0,0.0,0.0,no,labour,14.72
