code	company	day	month	year	region	total	conservative	labour	libdems	ukip	green	snp	plaidcymru	other	sdlp	sinnfein	alliance	dup	uu
1000	me	3	3	2017	Northern Ireland	1000	2			0	2			24	149	228	168	306	117
1	bmg	10	1	2020	East Midlands	100	50	29	10	3	2			4					
1	bmg	10	1	2020	East of England	100	44	28	11	6	6			5					
1	bmg	10	1	2020	London	100	32	35	19	8	4			1					
1	bmg	10	1	2020	North East England	100	52	32	1	3	9			2					
1	bmg	10	1	2020	North West England	100	35	46	10	3	5			1					
1	bmg	10	1	2020	South East England	100	55	25	9	3	6			3					
1	bmg	10	1	2020	South West England	100	49	18	19	4	8			2					
1	bmg	10	1	2020	West Midlands	100	47	33	7	4	7			2					
1	bmg	10	1	2020	Yorkshire and Humber	100	58	25	8	2	6			1					
1	bmg	10	1	2020	Scotland	100	32	16	10	3	4	35							
1	bmg	10	1	2020	Wales	100	45	31	9	5	1		9						
2	opinium2	17	1	2020	North	249	111	103	12	7	12			4					
2	opinium2	17	1	2020	Midlands	165	80	57	5	11	9			2					
2	opinium2	17	1	2020	London	133	54	50	21	4	2			2					
2	opinium2	17	1	2020	South	366	198	90	45	15	13			5					
2	opinium2	17	1	2020	Wales	61	25	13	10		5		7	1					
2	opinium2	17	1	2020	Scotland	114	45	10	3		3	51		1					
3	yougov	26	1	2020	London	195	35	48	10	1	6			0					
3	yougov	26	1	2020	Rest of South	547	58	21	13	2	6			0					
3	yougov	26	1	2020	Midlands and Wales	353	55	26	7	2	3		5	1					
3	yougov	26	1	2020	North England	392	44	41	8	2	3			1					
3	yougov	26	1	2020	Scotland	140	27	13	6	1	2	50		0					
4	survation	31	1	2020	London	101	38	45	12	2	3			0					
4	survation	31	1	2020	South	255	145	68	30	7	5			2					
4	survation	31	1	2020	Midlands	119	57	36	13	5	5			2					
4	survation	31	1	2020	North	177	70	79	17	6	5			0					
4	survation	31	1	2020	Scotland	68	9	15	7	0	2	35		0					
4	survation	31	1	2020	Wales	40	22	12	1	2	0		3	0					
5	yougov	2	2	2020	London	189	34	43	17	2	4			0					
5	yougov	2	2	2020	Rest of South	529	61	21	9	2	6			0					
5	yougov	2	2	2020	Midlands and Wales	342	52	31	6	3	5		2	2					
5	yougov	2	2	2020	North England	380	45	42	5	3	4			1					
5	yougov	2	2	2020	Scotland	135	28	11	7	1	2	50		1					
6	mori	3	2	2020	North	214	118	72	11	3	7			2					
6	mori	3	2	2020	Midlands	280	134	91	29	3	10		6	7					
6	mori	3	2	2020	Wales	0	0	0	0	0	0	0	0	0					
6	mori	3	2	2020	South	199	103	50	29	0	13			4					
6	mori	3	2	2020	London	111	38	52	15	0	3			3					
6	mori	3	2	2020	England	757	371	251	80	6	33			7					
6	mori	3	2	2020	Scotland	77	22	10	5	0	4	35							
7	yougov	10	2	2020	London	203	36	40	13	1	10			0					
7	yougov	10	2	2020	Rest of South	569	59	20	13	2	4			2					
7	yougov	10	2	2020	Midlands and Wales	368	53	28	6	3	7		3	1					
7	yougov	10	2	2020	North England	408	44	39	6	5	5			1					
7	yougov	10	2	2020	Scotland	146	26	16	7		5	45		1					
8	comres	20	2	2020	Scotland	142	46	15	8	2	4	67							
8	comres	20	2	2020	Wales	77	30	23	4	3	0		17						
8	comres	20	2	2020	North East England	70	30	31	5	2	2								
8	comres	20	2	2020	North West England	194	73	100	10	4	6			1					
8	comres	20	2	2020	Yorkshire and Humber	120	56	50	8	3	4								
8	comres	20	2	2020	West Midlands	136	68	41	15	7	6			1					
8	comres	20	2	2020	East Midlands	114	53	45	8	3	5			1					
8	comres	20	2	2020	Eastern	152	86	42	13	3	6			1					
8	comres	20	2	2020	London	190	85	55	27	7	14			1					
8	comres	20	2	2020	South East England	232	133	58	27	3	10			2					
8	comres	20	2	2020	South West England	145	81	32	21	4	7								
9	opinium2	13	3	2020	North	255	117	111	13	3	10			2					
9	opinium2	13	3	2020	Midlands	170	86	63	7	3	7			4					
9	opinium2	13	3	2020	London	108	49	48	2	2	7			0					
9	opinium2	13	3	2020	South	371	212	85	37	10	22			4					
9	opinium2	13	3	2020	Wales	65	30	20	8	0	0		6	1					
9	opinium2	13	3	2020	Scotland	95	28	12	1	0	4	51		0					
10	mori	16	3	2020	North	145	79	56	6	0	4								
10	mori	16	3	2020	Midlands	188	111	50	16	1	7		4						
10	mori	16	3	2020	Wales	0													
10	mori	16	3	2020	South	142	80	31	26		2			1					
10	mori	16	3	2020	London	95	37	38	9		10								
10	mori	16	3	2020	England	543	293	170	54		23			1					
10	mori	16	3	2020	Scotland	52	17	9				24		1					
11	opinium2	27	3	2020	North	266	130	111	14	2	7			2					
11	opinium2	27	3	2020	Midlands	189	120	49	10	2	6			1					
11	opinium2	27	3	2020	London	126	58	46	10	1	10								
11	opinium2	27	3	2020	South	343	216	75	27	7	11			6					
11	opinium2	27	3	2020	Wales	51	26	13	4				8	1					
11	opinium2	27	3	2020	Scotland	104	36	8	3	1	3	54							
12	yougov	2	4	2020	London	196	37	45	10	1	7			0					
12	yougov	2	4	2020	Rest of South	548	61	22	11	1	4			1					
12	yougov	2	4	2020	Midlands and Wales	354	58	30	3	2	3		3	1					
12	yougov	2	4	2020	North England	393	52	34	7	2	5			1					
12	yougov	2	4	2020	Scotland	140	27	12	5		6	49		0					
13	opinium2	3	4	2020	North	253	126	101	13	4	8			2					
13	opinium2	3	4	2020	Midlands	196	102	66	14		11			3					
13	opinium2	3	4	2020	London	114	57	39	16	1	1			0					
13	opinium2	3	4	2020	South	344	219	84	21	4	12			3					
13	opinium2	3	4	2020	Wales	57	24	20	4				8	0					
13	opinium2	3	4	2020	Scotland	99	31	11	4	1	1	50		0					
14	bmg	9	4	2020	East Midlands	100	50	34	7	4	3			1					
14	bmg	9	4	2020	East of England	100	50	24	10	4	11			1					
14	bmg	9	4	2020	London	100	38	36	16	3	6			0					
14	bmg	9	4	2020	North East England	100	43	33	8	6	10			0					
14	bmg	9	4	2020	North West England	100	41	40	6	6	5			1					
14	bmg	9	4	2020	South East England	100	51	26	12	4	7			1					
14	bmg	9	4	2020	South West England	100	54	20	13	2	10			1					
14	bmg	9	4	2020	West Midlands	100	48	32	8	3	8			1					
14	bmg	9	4	2020	Yorkshire and Humber	100	54	34	5	4	1			2					
14	bmg	9	4	2020	Scotland	100	29	17	9	2	4	38		1					
14	bmg	9	4	2020	Wales	100	45	24	5	3	1		21	1					
15	opinium2	9	4	2020	North	274	143	105	14	2	8			2					
15	opinium2	9	4	2020	Midlands	175	111	44	10	0	6			4					
15	opinium2	9	4	2020	London	134	60	56	11	0	6			1					
15	opinium2	9	4	2020	South	337	218	76	20	4	14			5					
15	opinium2	9	4	2020	Wales	57	33	16	2	1	2		4	0					
15	opinium2	9	4	2020	Scotland	104	28	15	1	1	3	55		0					
16	opinium2	17	4	2020	North	251	126	104	9	3	8			1					
16	opinium2	17	4	2020	Midlands	182	96	69	11	0	3			3					
16	opinium2	17	4	2020	London	118	54	45	11	2	4			2					
16	opinium2	17	4	2020	South	362	215	91	29	7	15			5					
16	opinium2	17	4	2020	Wales	52	28	14	4	1			5	0					
16	opinium2	17	4	2020	Scotland	114	32	27	2			53		0					
17	yougov	17	4	2020	London	242	41	47	8	0	4			0					
17	yougov	17	4	2020	Rest of South	677	62	24	8	2	3			1					
17	yougov	17	4	2020	Midlands and Wales	437	57	30	4	1	3		3	2					
17	yougov	17	4	2020	North England	486	51	42	3	1	2			1					
17	yougov	17	4	2020	Scotland	173	27	21	6	1	4	41		1					
18	redfield	17	4	2020	South East	155	89	38	19	3	4			1					
18	redfield	17	4	2020	London	149	73	48	21	0	4								
18	redfield	17	4	2020	South West	112	70	20	12	5	4			1					
18	redfield	17	4	2020	West Midlands	93	48	35	2	1	4								
18	redfield	17	4	2020	East Midlands	70	40	18	8	1	3								
18	redfield	17	4	2020	Eastern	103	60	33	5	1	3			1					
18	redfield	17	4	2020	North East	47	21	21	0	2	0			1					
18	redfield	17	4	2020	North West	119	59	53	2	2	2			1					
18	redfield	17	4	2020	Yorks and Humber	89	42	36	8	0	2								
18	redfield	17	4	2020	Scotland	97	37	16	3	0	0	41							
18	redfield	17	4	2020	Wales	64	33	19	4	2	3		3	1					
19	opinium2	23	4	2020	North	242	117	107	9	1	8			0					
19	opinium2	23	4	2020	Midlands	185	99	64	9	2	11			1					
19	opinium2	23	4	2020	London	131	58	53	16	1	3			0					
19	opinium2	23	4	2020	South	324	194	82	28	4	11			5					
19	opinium2	23	4	2020	Wales	66	33	23	5	0	0		5	0					
19	opinium2	23	4	2020	Scotland	119	35	21	6	2	1	54		0					
20	redfield	26	4	2020	South East	140	73	40	17	1	9			1					
20	redfield	26	4	2020	London	140	62	59	14	0	5			1					
20	redfield	26	4	2020	South West	100	65	22	5	1	6			1					
20	redfield	26	4	2020	West Midlands	95	50	36	2	1	6			1					
20	redfield	26	4	2020	East Midlands	76	45	24	2	0	5			0					
20	redfield	26	4	2020	Eastern	103	70	25	7	0	2			0					
20	redfield	26	4	2020	North East	51	19	28	2	1	1			1					
20	redfield	26	4	2020	North West	119	55	48	8	1	5			1					
20	redfield	26	4	2020	Yorks and Humber	81	30	36	9	3	2			1					
20	redfield	26	4	2020	Scotland	111	38	19	6	0	1	47		1					
20	redfield	26	4	2020	Wales	51	28	18	3	0	0		2	0					
21	survation	28	4	2020	London	112	57	28	19	1	9			0					
21	survation	28	4	2020	South	273	167	65	24	2	15			0					
21	survation	28	4	2020	Midlands	135	69	43	14	2	6			1					
21	survation	28	4	2020	North	212	100	99	6	1	4			2					
21	survation	28	4	2020	Scotland	78	9	19	8		4	38		0					
21	survation	28	4	2020	Wales	42	17	14	1		2		8	0					
22	opinium2	1	5	2020	North	264	122	120	11	0	10			2					
22	opinium2	1	5	2020	Midlands	172	95	59	8	2	8			0					
22	opinium2	1	5	2020	London	106	48	48	4	2	4			0					
22	opinium2	1	5	2020	South	345	208	86	31	7	11			2					
22	opinium2	1	5	2020	Wales	72	34	20	7	0	2		7	2					
22	opinium2	1	5	2020	Scotland	112	38	19	0	0	1	54		0					
23	yougov	6	5	2020	London	200	40	42	10	0	8			0					
23	yougov	6	5	2020	Rest of South	560	57	25	9	3	5			1					
23	yougov	6	5	2020	Midlands and Wales	362	55	29	4	4	4		3	0					
23	yougov	6	5	2020	North England	402	50	37	5	2	3			1					
23	yougov	6	5	2020	Scotland	143	26	13	4	5	7	44		1					
24	redfield	6	5	2020	South East	141	91	29	17		4			1					
24	redfield	6	5	2020	London	130	45	52	18	1	13			1					
24	redfield	6	5	2020	South West	97	55	22	11	1	7			2					
24	redfield	6	5	2020	West Midlands	96	45	37	3	2	3			6					
24	redfield	6	5	2020	East Midlands	83	45	29	6	0	3			0					
24	redfield	6	5	2020	Eastern	105	66	24	8	1	5			2					
24	redfield	6	5	2020	North East	50	26	15	1	2	5			2					
24	redfield	6	5	2020	North West	119	52	50	12		3			2					
24	redfield	6	5	2020	Yorks and Humber	93	55	30	3		3			2					
24	redfield	6	5	2020	Scotland	111	32	26	0		3	48		2					
24	redfield	6	5	2020	Wales	60	30	18	2	1	3		3	2					
25	opinium2	7	5	2020	North	268	131	109	17	0	9			3					
25	opinium2	7	5	2020	Midlands	168	85	61	6	2	10			4					
25	opinium2	7	5	2020	London	119	49	57	5	0	8			0					
25	opinium2	7	5	2020	South	328	192	85	28	3	17			2					
25	opinium2	7	5	2020	Wales	64	32	16	6	0	2		9	0					
25	opinium2	7	5	2020	Scotland	105	28	23	1	2	2	50		0					
26	opinium2	14	5	2020	North	256	116	112	13	2	8			4					
26	opinium2	14	5	2020	Midlands	170	90	66	8	1	5			0					
26	opinium2	14	5	2020	London	113	49	52	9	1	2			0					
26	opinium2	14	5	2020	South	347	199	94	27	7	13			6					
26	opinium2	14	5	2020	Wales	73	33	24	3	2	4		6	0					
26	opinium2	14	5	2020	Scotland	104	33	13	3		3	53		0					
27	redfield	15	5	2020	South East	210	92	55	21		11			1					
27	redfield	15	5	2020	London	210	61	62	30	1	11			3					
27	redfield	15	5	2020	South West	135	69	32	10	1	1			2					
27	redfield	15	5	2020	West Midlands	135	50	39	6		5			2					
27	redfield	15	5	2020	East Midlands	105	42	30	7	1	1			1					
27	redfield	15	5	2020	Eastern	150	71	29	10		0			0					
27	redfield	15	5	2020	North East	60	21	24	9		2			0					
27	redfield	15	5	2020	North West	165	59	63	7		4			1					
27	redfield	15	5	2020	Yorks and Humber	120	47	34	3		2			2					
27	redfield	15	5	2020	Scotland	135	20	38	6		6	48		0					
27	redfield	15	5	2020	Wales	75	26	22	5	1	2		3	3					
28	comres	17	5	2020	Scotland	152	49	16	6	2	17	62							
28	comres	17	5	2020	North West England	170	73	78	15	1	2			0					
28	comres	17	5	2020	North East England	58	24	25	2	1	7			0					
28	comres	17	5	2020	Yorkshire and Humber	109	64	38	2	1	3			1					
28	comres	17	5	2020	Wales	79	26	26	8	8	2		7	1					
28	comres	17	5	2020	West Midlands	126	67	49	8		2			0					
28	comres	17	5	2020	East Midlands	93	50	22	9		11			0					
28	comres	17	5	2020	South West England	126	73	31	13	1	7			1					
28	comres	17	5	2020	South East England	177	95	60	12	4	4			2					
28	comres	17	5	2020	Eastern	145	66	54	7	9	5			5					
28	comres	17	5	2020	London	163	66	74	17	4	3			0					
29	yougov	19	5	2020	London	206	32	47	9	3	9			0					
29	yougov	19	5	2020	Rest of South	577	58	26	8	2	5			0					
29	yougov	19	5	2020	Midlands and Wales	373	53	34	3	2	4		3	0					
29	yougov	19	5	2020	North England	414	47	43	3	1	5			1					
29	yougov	19	5	2020	Scotland	148	25	15	4	0	2	51		2					
30	opinium2	22	5	2020	North	275	130	118	10	2	12			2					
30	opinium2	22	5	2020	Midlands	168	85	55	13	4	8			3					
30	opinium2	22	5	2020	London	125	50	59	11	1	3			0					
30	opinium2	22	5	2020	South	319	171	100	28	9	8			3					
30	opinium2	22	5	2020	Wales	68	33	28	1	0	0		4	1					
30	opinium2	22	5	2020	Scotland	124	41	19	4	1	1	58		0					
31	survation	26	5	2020	London	121	53	50	15	0	4			0					
31	survation	26	5	2020	South	281	156	73	33	2	12			5					
31	survation	26	5	2020	Midlands	144	75	55	6	0	5			2					
31	survation	26	5	2020	North	200	96	85	9	0	7			3					
31	survation	26	5	2020	Scotland	75	9	17	5	3	2	42		0					
31	survation	26	5	2020	Wales	43	17	18	2	0	2		4	0					
32	yougov	26	5	2020	London	195	34	54	8	0	4			0					
32	yougov	26	5	2020	Rest of South	547	53	31	9	2	4			2					
32	yougov	26	5	2020	Midlands and Wales	353	52	35	4	2	3		3	0					
32	yougov	26	5	2020	North England	393	39	49	4	3	3			1					
32	yougov	26	5	2020	Scotland	140	20	16	3	1	4	54		2					
33	redfield	27	5	2020	South East	151	67	47	25	1	9			2					
33	redfield	27	5	2020	London	153	68	59	12	1	9			2					
33	redfield	27	5	2020	South West	97	54	24	11	2	3			2					
33	redfield	27	5	2020	West Midlands	83	31	41	3	2	1			5					
33	redfield	27	5	2020	East Midlands	70	32	24	8	1	1			3					
33	redfield	27	5	2020	Eastern	100	60	28	8	0	3			1					
33	redfield	27	5	2020	North East	42	14	26	1	0	0			0					
33	redfield	27	5	2020	North West	122	47	62	7	0	4			2					
33	redfield	27	5	2020	Yorks and Humber	80	34	37	4	2	0			3					
33	redfield	27	5	2020	Scotland	101	17	22	12	0	1	48		2					
33	redfield	27	5	2020	Wales	53	24	20	2	0	2		2	2					
34	opinium2	29	5	2020	North	257	105	132	10	2	6			2					
34	opinium2	29	5	2020	Midlands	204	93	86	14	2	6			3					
34	opinium2	29	5	2020	London	111	46	54	9	0	1			0					
34	opinium2	29	5	2020	South	328	167	106	27	9	14			6					
34	opinium2	29	5	2020	Wales	60	20	23	3	1	4		8	2					
34	opinium2	29	5	2020	Scotland	124	38	24	0	3	1	58		0					
35	yougov	30	5	2020	London	198	34	50	8	2	5			1					
35	yougov	30	5	2020	Rest of South	554	55	29	8	3	5			0					
35	yougov	30	5	2020	Midlands and Wales	358	50	34	6	4	4		1	1					
35	yougov	30	5	2020	North England	398	42	46	5	1	4			2					
35	yougov	30	5	2020	Scotland	142	22	13	2	1	5	54		2					
37	survation	3	6	2020	London	94	33	49	9	0	3			0					
37	survation	3	6	2020	South	237	118	74	26	2	14			3					
37	survation	3	6	2020	Midlands	118	59	49	3	2	5			1					
37	survation	3	6	2020	North	187	76	91	9	3	7			2					
37	survation	3	6	2020	Scotland	68	16	14	4		2	32		0					
37	survation	3	6	2020	Wales	40	15	18	1	1			5	0					
38	opinium2	5	6	2020	North	273	109	130	13	8	9			4					
38	opinium2	5	6	2020	Midlands	171	71	80	9	3	7			2					
38	opinium2	5	6	2020	London	121	52	57	9	0	2			1					
38	opinium2	5	6	2020	South	341	178	109	31	7	14			2					
38	opinium2	5	6	2020	Wales	63	22	33	1	0	0		5	1					
38	opinium2	5	6	2020	Scotland	97	25	13	2	1	1	55							
39	panelbasescotland	5	6	2020	Scotland	100	21	19	6		2	51							
40	yougovwales	1	6	2020	Wales	100	35	39	5	2	3		15						
41	mori	10	6	2020	North	157	63	78	8	8	0			0					
41	mori	10	6	2020	Midlands	204	100	78	18	3	3		3	0					
41	mori	10	6	2020	Wales	0					0			0					
41	mori	10	6	2020	South	181	90	51	35	5	1			0					
41	mori	10	6	2020	London	110	43	51	10	5	0			1					
41	mori	10	6	2020	England	616	286	241	65	20	3			1					
41	mori	10	6	2020	Scotland	61	14	13	3	0	0	30		0					
42	survation	10	6	2020	London	118	33	52	12	1	9			0					
42	survation	10	6	2020	South	255	133	110	20	3	13			2					
42	survation	10	6	2020	Midlands	143	82	37	10	1	2			1					
42	survation	10	6	2020	North	201	82	85	24	0	10			4					
42	survation	10	6	2020	Scotland	82	20	16	6	6	2	41		7					
42	survation	10	6	2020	Wales	59	21	18	1	0	1		2	0					
43	yougov	12	6	2020	London	203	32	52	8	1	5			1					
43	yougov	12	6	2020	Rest of South	569	55	30	8	2	4			0					
43	yougov	12	6	2020	Midlands and Wales	367	48	38	4	3	3		3	0					
43	yougov	12	6	2020	North England	408	44	47	4	2	1			1					
43	yougov	12	6	2020	Scotland	146	22	16	7	1	7	49		0					
44	opinium2	12	6	2020	North	233	91	121	8	4	7			1					
44	opinium2	12	6	2020	Midlands	173	86	70	9	0	5			4					
44	opinium2	12	6	2020	London	114	37	54	19	1	2			2					
44	opinium2	12	6	2020	South	329	173	111	21	8	10			6					
44	opinium2	12	6	2020	Wales	64	25	29	4	0	1		5	1					
44	opinium2	12	6	2020	Scotland	132	43	25	3	0	1	60		0					
45	opinium2	19	6	2020	North	258	106	129	3	3	14			3					
45	opinium2	19	6	2020	Midlands	179	106	63	3	0	3			3					
45	opinium2	19	6	2020	London	143	53	71	12	2	5			0					
45	opinium2	19	6	2020	South	326	162	114	31	5	9			5					
45	opinium2	19	6	2020	Wales	72	26	36	1	0	0		9	0					
45	opinium2	19	6	2020	Scotland	107	22	21	6	0	2	56		0					
46	survation	25	6	2020	London	188	70	94	17	0	6			2					
46	survation	25	6	2020	South	470	239	149	50	3	27			2					
46	survation	25	6	2020	Midlands	219	108	74	23	0	10			4					
46	survation	25	6	2020	North	347	162	153	17	1	8			5					
46	survation	25	6	2020	Scotland	131	25	26	11	0	2	67		0					
46	survation	25	6	2020	Wales	75	26	34	3	1	3		6	1					
47	opinium2	25	6	2020	North	280	110	144	9	6	6			5					
47	opinium2	25	6	2020	Midlands	163	84	65	8	0	5			1					
47	opinium2	25	6	2020	London	116	38	51	17	2	7			0					
47	opinium2	25	6	2020	South	354	175	115	24	9	25			7					
47	opinium2	25	6	2020	Wales	58	19	24	4	0	0		12	0					
47	opinium2	25	6	2020	Scotland	116	37	21	2	1	2	53		0					
49	survation	6	7	2020	London	107	36	41	11	0	10			2					
49	survation	6	7	2020	South	267	133	83	28	0	7			4					
49	survation	6	7	2020	Midlands	134	70	60	6	0	9			3					
49	survation	6	7	2020	North	195	93	92	7	0	7			1					
49	survation	6	7	2020	Scotland	85	22	18	1	0	0	37		0					
49	survation	6	7	2020	Wales	43	14	17	1	0	2		1	1					
48	opinium2	3	7	2020	North	255	104	115	16	5	8			6					
48	opinium2	3	7	2020	Midlands	162	80	60	11	3	6			2					
48	opinium2	3	7	2020	London	125	39	59	14	1	8			6					
48	opinium2	3	7	2020	South	348	158	126	34	7	17			5					
48	opinium2	3	7	2020	Wales	66	28	19	3	0	4		11	1					
48	opinium2	3	7	2020	Scotland	112	31	19	5	0	2	55		1					
50	yougov	9	7	2020	London	194	29	53	6	3	6			2					
50	yougov	9	7	2020	Rest of South	542	57	27	11	1	4			1					
50	yougov	9	7	2020	Midlands and Wales	350	51	36	4	4	3		4	0					
50	yougov	9	7	2020	North England	389	44	49	3	2	2			1					
50	yougov	9	7	2020	Scotland	139	22	19	5		2	50		2					
51	opinium2	10	7	2020	North	253	101	122	8	8	11			2					
51	opinium2	10	7	2020	Midlands	173	83	70	6	2	9			4					
51	opinium2	10	7	2020	London	128	35	63	17	4	5			3					
51	opinium2	10	7	2020	South	320	168	104	25	5	11			5					
51	opinium2	10	7	2020	Wales	61	17	25	7	1	3		8	0					
51	opinium2	10	7	2020	Scotland	124	43	17	3		3	59		0					
52	survation	12	7	2020	London	211	74	100	18	1	17			0					
52	survation	12	7	2020	South	534	292	158	54	1	25			4					
52	survation	12	7	2020	Midlands	265	113	113	18	3	16			2					
52	survation	12	7	2020	North	400	174	184	19	6	15			4					
52	survation	12	7	2020	Scotland	158	26	30	23		5	75		0					
52	survation	12	7	2020	Wales	80	30	32	3	1	4		10	1					
53	opinium2	17	7	2020	North	269	98	135	11	2	12			10					
53	opinium2	17	7	2020	Midlands	167	92	61	8	1	3			3					
53	opinium2	17	7	2020	London	116	35	58	14	1	7			0					
53	opinium2	17	7	2020	South	343	193	88	27	8	18			9					
53	opinium2	17	7	2020	Wales	68	29	28	4	0	0		8	0					
53	opinium2	17	7	2020	Scotland	123	32	26	0	2	0	63		0					
54	comres	19	7	2020	Scotland	139	30	31	6	4	3	65		0					
54	comres	19	7	2020	North West England	169	74	79	8	2	4			2					
54	comres	19	7	2020	North East England	67	32	30	0	2	2			0					
54	comres	19	7	2020	Yorkshire and Humber	100	47	41	5	0	3			3					
54	comres	19	7	2020	Wales	66	15	32	5	4	0		10	0					
54	comres	19	7	2020	West Midlands	126	59	55	6	0	1			4					
54	comres	19	7	2020	East Midlands	88	45	33	5	0	5			0					
54	comres	19	7	2020	South West England	120	73	32	10	2	2			2					
54	comres	19	7	2020	South East England	188	92	69	19	2	4			2					
54	comres	19	7	2020	Eastern	128	67	52	2	5	3			0					
54	comres	19	7	2020	London	157	64	69	15	1	5			2					
55	opinium2	24	7	2020	North	273	115	130	7	6	10			5					
55	opinium2	24	7	2020	Midlands	159	72	61	12	2	9			4					
55	opinium2	24	7	2020	London	115	36	61	13	0	3			1					
55	opinium2	24	7	2020	South	357	173	110	31	16	20			7					
55	opinium2	24	7	2020	Wales	59	17	30	2	0	5		6	0					
55	opinium2	24	7	2020	Scotland	101	32	15	2	0	1	51		0					
56	opinium2	31	7	2020	North	268	94	143	9	10	7			5					
56	opinium2	31	7	2020	Midlands	157	73	63	8	2	8			3					
56	opinium2	31	7	2020	London	141	43	70	15	2	5			7					
56	opinium2	31	7	2020	South	334	170	94	28	11	19			11					
56	opinium2	31	7	2020	Wales	68	27	31	4	0	0		7	0					
56	opinium2	31	7	2020	Scotland	118	35	16	1	1	3	60		0					
57	yougov	31	7	2020	London	195	28	57	4	2	7			1					
57	yougov	31	7	2020	Rest of South	545	54	29	9	3	4			1					
57	yougov	31	7	2020	Midlands and Wales	352	50	34	3	3	4		4	2					
57	yougov	31	7	2020	North England	391	40	44	5	4	5			2					
57	yougov	31	7	2020	Scotland	140	20	13	8	5	4	49		0					
58	survation	3	8	2020	London	107	34	50	12	0	11			0					
58	survation	3	8	2020	South	275	150	76	26	3	19			1					
58	survation	3	8	2020	Midlands	137	68	57	5	0	5			3					
58	survation	3	8	2020	North	191	82	90	12	0	5			2					
58	survation	3	8	2020	Scotland	86	26	11	10	0	2	38		0					
58	survation	3	8	2020	Wales	35	19	13	1	0	0		2	0					
59	mori	4	8	2020	North	150	71	53	5	1	4			0					
59	mori	4	8	2020	Midlands	218	93	69	19	1	19		1	0					
59	mori	4	8	2020	Wales	0	0	0	0	0	0			0					
59	mori	4	8	2020	South	156	83	42	9	2	6			1					
59	mori	4	8	2020	London	96	20	55	4	2	5			0					
59	mori	4	8	2020	England	582	247	211	33	4	33			1					
59	mori	4	8	2020	Scotland	64	13	11	0			30		1					
60	yougov	5	8	2020	London	193	31	51	9	4	4			1					
60	yougov	5	8	2020	Rest of South	540	52	31	11	3	3			0					
60	yougov	5	8	2020	Midlands and Wales	349	43	38	3	1	11		4	0					
60	yougov	5	8	2020	North England	387	40	41	8	2	5			3					
60	yougov	5	8	2020	Scotland	138	19	19	5		2	54		0					
61	opinium2	14	8	2020	North	244	106	128	3	3	4			1					
61	opinium2	14	8	2020	Midlands	143	75	54	3	0	9			2					
61	opinium2	14	8	2020	London	123	53	45	15	3	3			3					
61	opinium2	14	8	2020	South	362	152	133	32	15	19			10					
61	opinium2	14	8	2020	Wales	68	28	28	1	0	2		9	0					
61	opinium2	14	8	2020	Scotland	105	23	19	1	7		55		1					
62	comres	16	8	2020	Scotland	137	20	36	14	2	2	62		0					
62	comres	16	8	2020	North West England	157	54	90	6	3	2			2					
62	comres	16	8	2020	North East England	64	30	28	2	2	1			0					
62	comres	16	8	2020	Yorkshire and Humber	113	48	54	8	1	2			0					
62	comres	16	8	2020	Wales	71	23	27	3	2	5		10	0					
62	comres	16	8	2020	West Midlands	135	61	59	7	3	4			2					
62	comres	16	8	2020	East Midlands	94	47	33	10	2	3			0					
62	comres	16	8	2020	South West England	130	75	32	18	0	3			1					
62	comres	16	8	2020	South East England	195	109	56	11	6	9			4					
62	comres	16	8	2020	Eastern	128	68	42	9	2	4			2					
62	comres	16	8	2020	London	156	55	74	11	5	9			2					
63	yougov	19	8	2020	London	198	24	56	8	3	8			0					
63	yougov	19	8	2020	Rest of South	555	50	28	9	5	7			0					
63	yougov	19	8	2020	Midlands and Wales	358	43	40	3	3	3		6	2					
63	yougov	19	8	2020	North England	398	38	50	3	3	4			1					
63	yougov	19	8	2020	Scotland	142	19	17	4	1	6	54		0					
64	survation	21	8	2020	London	78	25	43	6	0	4			0					
64	survation	21	8	2020	South	243	131	59	34	3	14			2					
64	survation	21	8	2020	Midlands	112	49	47	8	1	5			2					
64	survation	21	8	2020	North	177	71	89	11	0	6			1					
64	survation	21	8	2020	Scotland	70	9	13	7	4	1	38		5					
64	survation	21	8	2020	Wales	33	11	17	1	0	1		3	1					
65	yougov	25	8	2020	London	200	37	50	5	0	5			2					
65	yougov	25	8	2020	Rest of South	501	54	28	6	3	6			2					
65	yougov	25	8	2020	Midlands and Wales	362	48	35	5	4	4		3	0					
65	yougov	25	8	2020	North England	402	33	49	7	5	3			2					
65	yougov	25	8	2020	Scotland	144	23	15	4	2	3	53		0					
66	opinium2	28	8	2020	North	236	88	121	8	9	5			5					
66	opinium2	28	8	2020	Midlands	171	85	68	8	6	3			1					
66	opinium2	28	8	2020	London	116	36	58	14	3	0			5					
66	opinium2	28	8	2020	South	328	145	119	32	15	5			12					
66	opinium2	28	8	2020	Wales	65	26	25	4	3	0		4	2					
66	opinium2	28	8	2020	Scotland	117	37	19	1	0	3	57		0					
67	survation	4	9	2020	London	119	40	48	20	3	8			0					
67	survation	4	9	2020	South	269	128	102	20	1	16			2					
67	survation	4	9	2020	Midlands	15	56	63	15	0	11			1					
67	survation	4	9	2020	North	208	90	107	5	1	3			2					
67	survation	4	9	2020	Scotland	82	21	9	8	5	1	43		5					
67	survation	4	9	2020	Wales	42	18	15			0		10	0					
68	opinium2	11	9	2020	North	266	94	148	8	3	10			2					
68	opinium2	11	9	2020	Midlands	161	84	61	6	2	7			2					
68	opinium2	11	9	2020	London	120	47	48	19	1	4			1					
68	opinium2	11	9	2020	South	333	154	114	27	6	22			9					
68	opinium2	11	9	2020	Wales	56	20	25	1	0	0		8	1					
68	opinium2	11	9	2020	Scotland	123	40	22	3	1	3	55		0					
69	yougovwales	4	9	2020	Wales	100	33	41	2	4	3		15	2					
70	survation	16	9	2020	London	94	39	40	9	0	5			0					
70	survation	16	9	2020	South	215	104	79	22	1	6			3					
70	survation	16	9	2020	Midlands	119	51	47	9	0	8			4					
70	survation	16	9	2020	North	181	67	90	11	2	6			5					
70	survation	16	9	2020	Scotland	65	16	9	3	3	1		7	0					
70	survation	16	9	2020	Wales	38	15	14		1	1	35		1					
71	yougov	16	9	2020	London	194	24	63	4	1	6			2					
71	yougov	16	9	2020	Rest of South	544	52	30	9	3	5			1					
71	yougov	16	9	2020	Midlands and Wales	351	43	41	3	3	5		4	2					
71	yougov	16	9	2020	North England	390	36	49	6	4	4			0					
71	yougov	16	9	2020	Scotland	139	21	18	9	3	1	45		3					
72	mori	17	9	2020	North	189	62	95	13	3	10			6					
72	mori	17	9	2020	Midlands	260	124	90	17	3	19		4	1					
72	mori	17	9	2020	Wales	0													
72	mori	17	9	2020	South	194	80	74	13	4	18								
72	mori	17	9	2020	London	116	46	48	10		12			1					
72	mori	17	9	2020	England	717	307	282	50	7	55			7					
72	mori	17	9	2020	Scotland	79	15	10	3	1	2	47		2					
73	comres	23	9	2020	Scotland	141	32	20	16	3	0	69		1					
73	comres	23	9	2020	North West England	157	58	85	12	0	0			2					
73	comres	23	9	2020	North East England	57	25	26	2	3	2			0					
73	comres	23	9	2020	Yorkshire and Humber	107	45	55	4	2	1			0					
73	comres	23	9	2020	Wales	69	22	29	5	5	4		3	0					
73	comres	23	9	2020	West Midlands	120	50	51	6	4	8			1					
73	comres	23	9	2020	East Midlands	102	55	31	6	4	5			1					
73	comres	23	9	2020	South West England	131	74	36	13	5	2			0					
73	comres	23	9	2020	South East England	206	92	74	28	5	7			1					
73	comres	23	9	2020	Eastern	122	54	43	7	5	12			2					
73	comres	23	9	2020	London	175	63	81	14	4	8			4					
74	yougov	24	9	2020	London	195	29	53	9	2	4			3					
74	yougov	24	9	2020	Rest of South	545	50	29	9	3	7			1					
74	yougov	24	9	2020	Midlands and Wales	352	46	38	4	3	5		3	1					
74	yougov	24	9	2020	North England	391	38	49	5	3	3			3					
74	yougov	24	9	2020	Scotland	140	21	22	4	2	3	46		2					
75	opinium2	25	9	2020	North	260	84	154	10	5	5			3					
75	opinium2	25	9	2020	Midlands	170	70	81	5	1	8			5					
75	opinium2	25	9	2020	London	110	36	44	11	3	3			4					
75	opinium2	25	9	2020	South	328	159	114	24	5	18			7					
75	opinium2	25	9	2020	Wales	56	24	19	1		3		9	1					
75	opinium2	25	9	2020	Scotland	103	22	17	5		3	57		0					
76	yougov	30	9	2020	London	204	31	53	9	2	4			1					
76	yougov	30	9	2020	Rest of South	571	51	33	5	3	6			1					
76	yougov	30	9	2020	Midlands and Wales	369	40	40	5	6	4		2	2					
76	yougov	30	9	2020	North England	410	34	49	4	5	6			1					
76	yougov	30	9	2020	Scotland	146	21	15	7	2	3	51		1					
77	comres	6	10	2020	Scotland	127	30	26	9	1	1	60		1					
77	comres	6	10	2020	North West England	152	61	82	6	2	0			0					
77	comres	6	10	2020	North East England	59	18	33	2	1	5			1					
77	comres	6	10	2020	Yorkshire and Humber	124	54	61	6	1	1			1					
77	comres	6	10	2020	Wales	67	25	29	2	1	2		8	1					
77	comres	6	10	2020	West Midlands	123	51	54	11	2	5			0					
77	comres	6	10	2020	East Midlands	102	59	25	8	1	6			2					
77	comres	6	10	2020	South West England	133	71	40	12	4	1			5					
77	comres	6	10	2020	South East England	189	84	61	24	6	13			1					
77	comres	6	10	2020	Eastern	135	73	41	13	3	3			2					
77	comres	6	10	2020	London	183	63	96	12	5	7								
78	yougov	7	10	2020	London	201	29	56	5	2	7			0					
78	yougov	7	10	2020	Rest of South	562	52	30	6	2	7			2					
78	yougov	7	10	2020	Midlands and Wales	363	45	41	2	3	4		2	1					
78	yougov	7	10	2020	North England	403	37	47	3	7	4			2					
78	yougov	7	10	2020	Scotland	144	24	18	4		4	48		0					
79	opinium2	9	10	2020	North	243	84	125	18	7	6			3					
79	opinium2	9	10	2020	Midlands	163	74	68	6	8	5			2					
79	opinium2	9	10	2020	South	320	145	124	25	6	14			5					
79	opinium2	9	10	2020	Wales	57	22	21	0	2	0		9	3					
79	opinium2	9	10	2020	Scotland	126	33	25	2	1	4	61		0					
80	comres	12	10	2020	Scotland	134	22	29	9	1	2	69		1					
80	comres	12	10	2020	North West England	174	72	78	9	8	5			2					
80	comres	12	10	2020	North East England	56	25	26	2	2	1			0					
80	comres	12	10	2020	Yorkshire and Humber	122	49	60	6	4	0			2					
80	comres	12	10	2020	Wales	67	19	25	4	2	5		13	0					
80	comres	12	10	2020	West Midlands	114	48	50	7	5	5			0					
80	comres	12	10	2020	East Midlands	110	49	49	5	1	5			2					
80	comres	12	10	2020	South West England	117	61	38	11	3	5			0					
80	comres	12	10	2020	South East England	202	86	79	20	8	7			3					
80	comres	12	10	2020	Eastern	146	60	54	15	7	9			2					
80	comres	12	10	2020	London	167	62	76	14	7	5			3					
81	yougov	15	10	2020	London	201	28	54	5	7	4			1					
81	yougov	15	10	2020	Rest of South	563	46	30	10	6	7			1					
81	yougov	15	10	2020	Midlands and Wales	363	43	40	3	4	5		4	2					
81	yougov	15	10	2020	North England	404	36	51	4	3	6			0					
81	yougov	15	10	2020	Scotland	144	21	14	7	3	3	52		0					
82	comres	21	10	2020	Scotland	143	35	25	15	0	4	63		1					
82	comres	21	10	2020	North West England	165	67	76	15	5	2			1					
82	comres	21	10	2020	North East England	64	31	29	0	2	1			0					
82	comres	21	10	2020	Yorkshire and Humber	109	45	53	5	3	1			1					
82	comres	21	10	2020	Wales	73	18	34	4	4	3		8	1					
82	comres	21	10	2020	West Midlands	123	52	55	8	0	7			1					
82	comres	21	10	2020	East Midlands	103	51	42	5	1	4			0					
82	comres	21	10	2020	South West England	153	81	43	20	5	3			0					
82	comres	21	10	2020	South East England	221	111	71	29	2	6			2					
82	comres	21	10	2020	Eastern	124	46	38	6	6	8			2					
82	comres	21	10	2020	London	198	80	85	22	1	9			2					
83	yougov	22	10	2020	London	200	28	55	13	1	2			1					
83	yougov	22	10	2020	Rest of South	559	49	32	10	2	6			1					
83	yougov	22	10	2020	Midlands and Wales	361	43	40	2	5	5		3	2					
83	yougov	22	10	2020	North England	401	38	46	5	3	6			2					
83	yougov	22	10	2020	Scotland	143	16	16	3	1	2	58		1					
84	opinium2	23	10	2020	North	266	98	138	9	4	8			9					
84	opinium2	23	10	2020	Midlands	153	63	69	7	2	5			7					
84	opinium2	23	10	2020	London	115	52	36	11	5	4			6					
84	opinium2	23	10	2020	South	348	136	141	30	4	28			10					
84	opinium2	23	10	2020	Wales	59	23	17	4	1			11	2					
84	opinium2	23	10	2020	Scotland	116	31	24	1		4	55		0					
85	comres	26	10	2020	Scotland	128	23	27	18	1	1	57		0					
85	comres	26	10	2020	North West England	150	55	76	7	3	8			1					
85	comres	26	10	2020	North East England	54	17	32	0	5	1			0					
85	comres	26	10	2020	Yorkshire and Humber	106	41	58	2	1	3			1					
85	comres	26	10	2020	Wales	65	27	31	0	2	3		2	1					
85	comres	26	10	2020	West Midlands	105	51	37	7	3	7			0					
85	comres	26	10	2020	East Midlands	91	41	35	6		7			2					
85	comres	26	10	2020	South West England	127	56	43	21	3	3			1					
85	comres	26	10	2020	South East England	189	103	61	17	5	3			0					
85	comres	26	10	2020	Eastern	136	79	45	2	5	2			2					
85	comres	26	10	2020	London	163	63	79	10	3	4			3					
86	mori	28	10	2020	North	204	90	96	6	4	5			5					
86	mori	28	10	2020	Midlands	245	97	107	20	1	10		10	1					
86	mori	28	10	2020	Wales	0													
86	mori	28	10	2020	South	227	77	70	18	1	11			6					
86	mori	28	10	2020	London	138	30	55	8	4	13			1					
86	mori	28	10	2020	England	88	286	310	49	9	39			12					
86	mori	28	10	2020	Scotland	89	9	22	9		1	42							
87	yougov	29	10	2020	London	199	23	54	8	6	7			2					
87	yougov	29	10	2020	Rest of South	557	49	31	8	4	4			4					
87	yougov	29	10	2020	Midlands and Wales	360	45	40	4	4	5		2	1					
87	yougov	29	10	2020	North England	400	34	48	4	6	6			2					
87	yougov	29	10	2020	Scotland	143	20	17	5		5	51		1					
88	yougov	5	11	2020	London	197	31	57	6	4	2			1					
88	yougov	5	11	2020	Rest of South	552	44	34	11	5	5			2					
88	yougov	5	11	2020	Midlands and Wales	352	35	42	4	6	5		4	4					
88	yougov	5	11	2020	North England	396	34	47	4	7	5			2					
88	yougov	5	11	2020	Scotland	140	16	17	6	8	2	48		2					
89	survation	6	11	2020	London	110	36	51	11	4	8			0					
89	survation	6	11	2020	South	272	136	76	43	3	12			2					
89	survation	6	11	2020	Midlands	134	53	63	13		4			0					
89	survation	6	11	2020	North	202	85	93	11	5	5			3					
89	survation	6	11	2020	Scotland	74	16	11	1		2	43		0					
89	survation	6	11	2020	Wales	42	12	21	3		3		3	0					
90	opinium2	6	11	2020	North	261	92	142	14	5	3			5					
90	opinium2	6	11	2020	Midlands	179	78	80	8	3	2			7					
90	opinium2	6	11	2020	London	124	36	68	8	3	7			1					
90	opinium2	6	11	2020	South	346	150	117	41	11	15			13					
90	opinium2	6	11	2020	Wales	64	25	24	3	0	4		7	2					
90	opinium2	6	11	2020	Scotland	112	32	21	0	1	2	56		0					
91	comres	11	11	2020	Scotland	138	33	27	7	0	8	64		0					
91	comres	11	11	2020	North West England	161	63	80	8	5	5			0					
91	comres	11	11	2020	North East England	49	20	24	2	4	0			0					
91	comres	11	11	2020	Yorkshire and Humber	117	50	52	8	1	4			2					
91	comres	11	11	2020	Wales	68	24	27	4	4	3		5	1					
91	comres	11	11	2020	West Midlands	122	53	52	10	3	4			0					
91	comres	11	11	2020	East Midlands	101	41	41	5	0	13			0					
91	comres	11	11	2020	South West England	124	67	34	9	7	3			4					
91	comres	11	11	2020	South East England	183	82	61	29	3	7			1					
91	comres	11	11	2020	Eastern	148	75	40	14	1	15			2					
91	comres	11	11	2020	London	179	54	80	25	5	15			0					
92	yougov	11	11	2020	London	196	24	60	6	4	4			1					
92	yougov	11	11	2020	Rest of South	548	48	36	6	3	7			2					
92	yougov	11	11	2020	Midlands and Wales	354	44	34	4	5	6		5	2					
92	yougov	11	11	2020	North England	393	33	52	5	5	4			1					
92	yougov	11	11	2020	Scotland	140	20	16	3	2	3	52		1					
93	comres	15	11	2020	Scotland	132	33	19	10	3	4	63		0					
93	comres	15	11	2020	North West England	158	51	94	7	2	3			1					
93	comres	15	11	2020	North East England	53	22	25	1	4	1			0					
93	comres	15	11	2020	Yorkshire and Humber	104	39	54	2	2	5			1					
93	comres	15	11	2020	Wales	68	27	26	2	1	4		7	0					
93	comres	15	11	2020	West Midlands	124	59	55	5	0	5			0					
93	comres	15	11	2020	East Midlands	93	53	25	7	1	6			2					
93	comres	15	11	2020	South West England	128	56	51	11	4	3			3					
93	comres	15	11	2020	South East England	191	98	58	13	8	11			2					
93	comres	15	11	2020	Eastern	134	72	47	5	1	8			2					
93	comres	15	11	2020	London	160	60	73	14	4	8			2					
94	yougov	18	11	2020	London	204	24	61	6	3	6			0					
94	yougov	18	11	2020	Rest of South	571	46	31	8	5	7			3					
94	yougov	18	11	2020	Midlands and Wales	369	51	30	6	4	4		3	2					
94	yougov	18	11	2020	North England	410	33	49	5	4	6			3					
94	yougov	18	11	2020	Scotland	146	18	18	3	1	4	55		2					
95	opinium2	20	11	2020	North	255	107	121	12	8	4			3					
95	opinium2	20	11	2020	Midlands	168	72	77	5	2	8			4					
95	opinium2	20	11	2020	London	100	36	47	9	1	3			3					
95	opinium2	20	11	2020	South	327	149	106	27	11	22			13					
95	opinium2	20	11	2020	Wales	64	25	25	1	3	2		9	0					
95	opinium2	20	11	2020	Scotland	125	33	23	3	1	5	58		1					
96	comres	23	11	2020	Scotland	146	29	18	15	2	3	68		0					
96	comres	23	11	2020	North West England	184	53	87	7	3	6			2					
96	comres	23	11	2020	North East England	61	21	25	2	4	2			0					
96	comres	23	11	2020	Yorkshire and Humber	131	39	53	13	1	2			0					
96	comres	23	11	2020	Wales	84	31	22	0	5	4		12	0					
96	comres	23	11	2020	West Midlands	123	54	38	4	3	4			0					
96	comres	23	11	2020	East Midlands	113	46	39	9	1	4			1					
96	comres	23	11	2020	South West England	143	65	40	7	9	4			1					
96	comres	23	11	2020	South East England	216	76	71	24	6	5			3					
96	comres	23	11	2020	Eastern	147	62	39	5	4	12			2					
96	comres	23	11	2020	London	188	59	83	13	3	8			0					
97	yougov	27	11	2020	London	204	23	55	9	6	7			1					
97	yougov	27	11	2020	Rest of South	570	48	34	8	5	5			0					
97	yougov	27	11	2020	Midlands and Wales	368	39	38	3	6	5		5	3					
97	yougov	27	11	2020	North England	409	33	52	4	5	4			2					
97	yougov	27	11	2020	Scotland	146	19	15	4	3	2	55		2					
98	comres	29	11	2020	Scotland	144	33	27	8	1	4	70		1					
98	comres	29	11	2020	North West England	161	55	84	10	5	7			1					
98	comres	29	11	2020	North East England	62	23	32	2	2	2			0					
98	comres	29	11	2020	Yorkshire and Humber	104	30	50	9	9	6			0					
98	comres	29	11	2020	Wales	75	36	22	2	0	5		9	1					
98	comres	29	11	2020	West Midlands	123	59	51	11	1	1			0					
98	comres	29	11	2020	East Midlands	110	46	40	17	1	5			1					
98	comres	29	11	2020	South West England	138	66	48	16	4	5			0					
98	comres	29	11	2020	South East England	205	99	71	19	5	8			3					
98	comres	29	11	2020	Eastern	137	71	48	6	5	8			0					
98	comres	29	11	2020	London	188	68	91	18	5	6			0					
99	yougov	3	12	2020	London	205	29	53	7	2	7			2					
99	yougov	3	12	2020	Rest of South	573	49	32	8	3	5			1					
99	yougov	3	12	2020	Midlands and Wales	370	42	36	6	3	4		4	5					
99	yougov	3	12	2020	North England	411	31	50	4	6	6			3					
99	yougov	3	12	2020	Scotland	147	23	15	7	1	5	47		2					
100	opinium2	4	12	2020	North	250	91	132	10	6	9			2					
100	opinium2	4	12	2020	Midlands	177	84	72	6	8	3			4					
100	opinium2	4	12	2020	London	124	44	56	11	4	5			4					
100	opinium2	4	12	2020	South	307	134	106	21	17	8			20					
100	opinium2	4	12	2020	Wales	56	15	25	4				10	2					
100	opinium2	4	12	2020	Scotland	108	22	16	4		1	61		4					
101	survation	10	12	2020	London	343	121	147	43	29	3			1					
101	survation	10	12	2020	South	895	429	298	92	51	12			13					
101	survation	10	12	2020	Midlands	439	214	164	32	21	4			5					
101	survation	10	12	2020	North	657	248	320	42	27	11			7					
101	survation	10	12	2020	Scotland	258	49	47	25	4	2	128		2					
101	survation	10	12	2020	Wales	146	55	63	4	2	1		20	1					
102	mori	11	12	2020	North	150	62	80	5	1	1			0					
102	mori	11	12	2020	Midlands	189	94	66	10	1	11		6	1					
102	mori	11	12	2020	Wales	0													
102	mori	11	12	2020	South	156	68	58	10	4	10			5					
102	mori	11	12	2020	London	93	30	49	5	0	8			1					
102	mori	11	12	2020	England	551	243	240	26	6	30			7					
102	mori	11	12	2020	Scotland	56	12	8	6	0	0	29		1					
103	comres	13	12	2020	Scotland	128	24	17	14	2	11	61							
103	comres	13	12	2020	North West England	144	53	68	15	5	3								
103	comres	13	12	2020	North East England	61	18	33	1	6	4								
103	comres	13	12	2020	Yorkshire and Humber	108	53	47	2	5	0								
103	comres	13	12	2020	Wales	56	21	21	9	1	1		4						
103	comres	13	12	2020	West Midlands	108	47	41	11	5	4								
103	comres	13	12	2020	East Midlands	78	44	29	3	1	0								
103	comres	13	12	2020	South West England	114	57	31	10	12	3			1					
103	comres	13	12	2020	South East England	178	73	68	21	2	14								
103	comres	13	12	2020	Eastern	130	60	44	7	4	12			4					
103	comres	13	12	2020	London	153	43	81	16	5	7			1					
104	yougov	16	12	2020	London	228	31	45	8	5	10			1					
104	yougov	16	12	2020	Rest of South	638	45	31	9	5	7			2					
104	yougov	16	12	2020	Midlands and Wales	412	46	36	4	2	4		5	2					
104	yougov	16	12	2020	North England	457	37	49	4	4	5			1					
104	yougov	16	12	2020	Scotland	163	20	17	5	2	1	53		2					
105	opinium2	17	12	2020	North	266	101	143	9	5	4			4					
105	opinium2	17	12	2020	Midlands	160	66	68	9	6	5			7					
105	opinium2	17	12	2020	London	119	53	46	8	2	3			8					
105	opinium2	17	12	2020	South	317	133	97	29	22	22			14					
105	opinium2	17	12	2020	Wales	68	21	32	1	0	1		10	2					
105	opinium2	17	12	2020	Scotland	121	33	26	4	1	3	53		2					
106	yougov	22	12	2020	London	206	26	59	8	2	3			1					
106	yougov	22	12	2020	Rest of South	576	43	38	6	4	8			1					
106	yougov	22	12	2020	Midlands and Wales	372	42	39	4	4	6		4	1					
106	yougov	22	12	2020	North England	413	37	50	3	4	4			2					
106	yougov	22	12	2020	Scotland	147	18	13	5	2	2	57		2					
107	survation	22	12	2020	London	119	31	65	20	3	0			1					
107	survation	22	12	2020	South	259	113	93	28	10	2			12					
107	survation	22	12	2020	Midlands	124	56	52	6	7	2			2					
107	survation	22	12	2020	North	179	79	82	5	6	3			4					
107	survation	22	12	2020	Scotland	80	24	9	5	2	1	37		1					
107	survation	22	12	2020	Wales	43	18	14					11	0					
108	yougov	5	1	2021	London	204	24	55	10	2	6			2					
108	yougov	5	1	2021	Rest of South	573	48	34	7	2	6			2					
108	yougov	5	1	2021	Midlands and Wales	370	42	41	5	4	5		3	1					
108	yougov	5	1	2021	North England	411	35	47	4	5	8			1					
108	yougov	5	1	2021	Scotland	147	22	14	4	0	4	55		1					
109	opinium2	7	1	2021	North	245	87	122	13	2	11			11					
109	opinium2	7	1	2021	Midlands	165	66	76	8	2	7			6					
109	opinium2	7	1	2021	London	123	36	67	10	3	8			0					
109	opinium2	7	1	2021	South	354	157	124	28	11	17			17					
109	opinium2	7	1	2021	Wales	69	36	22	2	0	1		8	1					
109	opinium2	7	1	2021	Scotland	105	32	14	1	1	2	55		0					
110	comres	10	1	2021	Scotland	166	47	35	13	3	3	64		1					
110	comres	10	1	2021	North West England	166	49	89	19	3	2			4					
110	comres	10	1	2021	North East England	56	16	32	5	2									
110	comres	10	1	2021	Yorkshire and Humber	114	49	47	13	1	3			1					
110	comres	10	1	2021	Wales	78	24	31	4		5		12	1					
110	comres	10	1	2021	West Midlands	133	69	48	8	1	7								
110	comres	10	1	2021	East Midlands	102	52	35	4	6	5								
110	comres	10	1	2021	South West England	134	71	44	14	1	2			2					
110	comres	10	1	2021	South East England	217	114	75	18	6	3			2					
110	comres	10	1	2021	Eastern	145	64	53	10	3	14								
110	comres	10	1	2021	London	185	63	85	17	4	14			1					
111	survation	13	1	2021	London	96	35	46	7	0	8			0					
111	survation	13	1	2021	South	237	97	96	25	0	12			7					
111	survation	13	1	2021	Midlands	125	59	39	13	0	7			9					
111	survation	13	1	2021	North	180	81	80	8	0	8			2					
111	survation	13	1	2021	Scotland	65	20	10	1	0	0	32		2					
111	survation	13	1	2021	Wales	37	13	18	0	0	0		5	0					
112	yougov	14	1	2021	London	204	22	56	9	2	9			2					
112	yougov	14	1	2021	Rest of South	572	50	30	8	3	7			2					
112	yougov	14	1	2021	Midlands and Wales	369	42	41	3	3	5		4	3					
112	yougov	14	1	2021	North England	410	34	51	2	3	7			3					
112	yougov	14	1	2021	Scotland	146	20	14	4	3	4	53		3					
113	opinium2	15	1	2021	North	220	82	117	9	5	5			2					
113	opinium2	15	1	2021	Midlands	170	83	66	7	5	4			5					
113	opinium2	15	1	2021	London	126	34	71	12		4			4					
113	opinium2	15	1	2021	South	335	129	131	37	1	26			11					
113	opinium2	15	1	2021	Wales	56	22	18	1		2		8	5					
113	opinium2	15	1	2021	Scotland	104	29	9	0	1		65		1					
114	comres	17	1	2021	Scotland	166	47	35	13	3	3	64		1					
114	comres	17	1	2021	North West England	166	49	89	19	3	2			4					
114	comres	17	1	2021	North East England	56	16	32	5	2									
114	comres	17	1	2021	Yorkshire and Humber	114	49	47	13	1	3			1					
114	comres	17	1	2021	Wales	78	24	31	4		5		12	1					
114	comres	17	1	2021	West Midlands	133	69	48	8	1	7								
114	comres	17	1	2021	East Midlands	102	52	35	4	6	5								
114	comres	17	1	2021	South West England	134	71	44	14	1	2			2					
114	comres	17	1	2021	South East England	217	114	75	18	6	3			2					
114	comres	17	1	2021	Eastern	145	64	53	10	3	14								
114	comres	17	1	2021	London	185	63	85	17	4	14			1					
115	yougov	22	1	2021	London	204	25	53	7	4	8			3					
115	yougov	22	1	2021	Rest of South	572	49	32	6	4	8			1					
115	yougov	22	1	2021	Midlands and Wales	370	44	41	2	3	4		4	2					
115	yougov	22	1	2021	North England	410	37	45	3	4	8			2					
115	yougov	22	1	2021	Scotland	146	20	14	7	2	4	50		2					
116	comres	24	1	2021	Scotland	129	34	16	16	1	1	62		0					
116	comres	24	1	2021	North West England	146	49	72	14	5	4			2					
116	comres	24	1	2021	North East England	50	21	21	3	3	1			1					
116	comres	24	1	2021	Yorkshire and Humber	103	47	51	3	1	1			1					
116	comres	24	1	2021	Wales	71	28	26	4	3	5		5	0					
116	comres	24	1	2021	West Midlands	115	67	38	4	2	3			0					
116	comres	24	1	2021	East Midlands	85	47	32	3	1	2			0					
116	comres	24	1	2021	South West England	124	65	43	9	5	2			1					
116	comres	24	1	2021	South East England	186	74	80	18	2	11			1					
116	comres	24	1	2021	Eastern	129	58	49	12	3	6			2					
116	comres	24	1	2021	London	161	51	78	23	5	3			2					
117	yougov	27	1	2021	London	207	26	50	14	2	5			1					
117	yougov	27	1	2021	Rest of South	578	44	37	6	4	5			3					
117	yougov	27	1	2021	Midlands and Wales	373	42	41	4	2	3		4	3					
117	yougov	27	1	2021	North England	415	33	52	4	4	4			2					
117	yougov	27	1	2021	Scotland	148	24	15	4	1	2	49		5					
118	opinium2	29	1	2021	North	221	74	120	9	7	7			2					
118	opinium2	29	1	2021	Midlands	181	108	57	7	2	6			2					
118	opinium2	29	1	2021	London	120	35	61	13	2	7			3					
118	opinium2	29	1	2021	South	355	152	128	35	14	19			6					
118	opinium2	29	1	2021	Wales	73	30	23	3	0	0		15	1					
118	opinium2	29	1	2021	Scotland	112	36	13	2	0	4	52		1					
119	yougov	3	2	2021	London	202	32	43	11	1	7			3					
119	yougov	3	2	2021	Rest of South	566	51	33	7	3	4			2					
119	yougov	3	2	2021	Midlands and Wales	365	45	38	4	4	6		2	1					
119	yougov	3	2	2021	North England	406	37	45	4	4	7			3					
119	yougov	3	2	2021	Scotland	145	23	16	3		4	53		0					
120	mori	4	2	2021	North	257	89	95	18	1	6			0					
120	mori	4	2	2021	Midlands	321	134	84	12	2	21		2	3					
120	mori	4	2	2021	Wales	0													
120	mori	4	2	2021	South	240	83	62	14	4	20			0					
120	mori	4	2	2021	London	149	38	67	15	2	8			0					
120	mori	4	2	2021	England	914	324	295	58	8	47			3					
120	mori	4	2	2021	Scotland	89	19	15	5	0	7	33		0					
121	survation	6	2	2021	London	89	21	44	10	1	12			1					
121	survation	6	2	2021	South	227	106	67	31	2	20			1					
121	survation	6	2	2021	Midlands	112	54	44	7	3	3			1					
121	survation	6	2	2021	North	166	68	69	16	3	11			1					
121	survation	6	2	2021	Scotland	71	22	7	2	0	1	38		0					
121	survation	6	2	2021	Wales	29	10	8	1		0		10	0					
122	comres	7	2	2021	Scotland	123	35	22	10	2	1	54		0					
122	comres	7	2	2021	North West England	154	46	88	10	1	7			1					
122	comres	7	2	2021	North East England	52	20	22	3	7	1			0					
122	comres	7	2	2021	Yorkshire and Humber	117	50	45	15	2	3			2					
122	comres	7	2	2021	Wales	64	27	23	2	3	0		9	0					
122	comres	7	2	2021	West Midlands	128	63	46	5	1	8			4					
122	comres	7	2	2021	East Midlands	102	57	39	4	2	0			1					
122	comres	7	2	2021	South West England	132	55	43	15	5	8			6					
122	comres	7	2	2021	South East England	179	85	77	12	2	3			0					
122	comres	7	2	2021	Eastern	136	81	33	7	2	11			1					
122	comres	7	2	2021	London	163	47	79	22	5	8			0					
123	yougov	10	2	2021	London	199	28	56	7	1	3			5					
123	yougov	10	2	2021	Rest of South	558	49	28	8	4	9			2					
123	yougov	10	2	2021	Midlands and Wales	360	48	33	3	3	6		4	3					
123	yougov	10	2	2021	North England	400	37	47	6	2	6			2					
123	yougov	10	2	2021	Scotland	143	22	21	4	1	7	45		1					
124	opinium2	12	2	2021	North	246	92	124	11	6	10			3					
124	opinium2	12	2	2021	Midlands	165	79	64	8	2	5			6					
124	opinium2	12	2	2021	London	118	37	59	10	0	8			4					
124	opinium2	12	2	2021	South	338	162	104	27	7	26			12					
124	opinium2	12	2	2021	Wales	62	34	21	4	0	1		12	1					
124	opinium2	12	2	2021	Scotland	110	38	12	2	0	0	56		2					
125	yougov	18	2	2021	London	200	27	54	7	1	11			0					
125	yougov	18	2	2021	Rest of South	559	53	27	10	3	4			2					
125	yougov	18	2	2021	Midlands and Wales	361	40	38	5	4	7		4	2					
125	yougov	18	2	2021	North England	401	33	48	7	5	6			1					
125	yougov	18	2	2021	Scotland	143	24	14	4	1	2	55		0					
126	comres	21	2	2021	Scotland	131	33	32	3	4	4	55							
126	comres	21	2	2021	North West England	142	47	68	14	7	6								
126	comres	21	2	2021	North East England	56	21	27	3	1	2			2					
126	comres	21	2	2021	Yorkshire and Humber	113	51	48	7	1	2			3					
126	comres	21	2	2021	Wales	76	24	32	4	1	2		13						
126	comres	21	2	2021	West Midlands	105	44	41	11	1	3			4					
126	comres	21	2	2021	East Midlands	93	49	31	7	1	2			1					
126	comres	21	2	2021	South West England	122	54	46	8	4	3			7					
126	comres	21	2	2021	South East England	201	98	68	13	9	11			1					
126	comres	21	2	2021	Eastern	131	64	43	16	2	5								
126	comres	21	2	2021	London	150	54	77	9	4	5			2					
127	survation	25	2	2021	London	87	20	46	8	1	11			2					
127	survation	25	2	2021	South	226	102	72	26	2	17			7					
127	survation	25	2	2021	Midlands	119	63	39	9	1	7			1					
127	survation	25	2	2021	North	173	84	74	5	1	4			5					
127	survation	25	2	2021	Scotland	70	23	5	7		3	33		1					
127	survation	25	2	2021	Wales	35	15	11	0		2		6	0					
128	opinium2	26	2	2021	North	233	95	109	15	6	6			2					
128	opinium2	26	2	2021	Midlands	168	96	62	5	0	3			3					
128	opinium2	26	2	2021	London	123	30	59	22	2	7			3					
128	opinium2	26	2	2021	South	339	165	112	25	8	20			9					
128	opinium2	26	2	2021	Wales	58	20	17	2	0	5		11	2					
128	opinium2	26	2	2021	Scotland	114	35	18	3	0	0	58		0					
129	yougov	26	2	2021	London	196	29	52	4	2	11			1					
129	yougov	26	2	2021	Rest of South	550	51	28	7	3	8			1					
129	yougov	26	2	2021	Midlands and Wales	355	45	32	5	6	8		4	1					
129	yougov	26	2	2021	North England	395	37	49	5	3	5			2					
129	yougov	26	2	2021	Scotland	141	22	20	0	1	6	51		0					
130	comres	28	2	2021	Scotland	115	28	23	13	3	2	46		0					
130	comres	28	2	2021	North West England	144	59	69	5	4	8			0					
130	comres	28	2	2021	North East England	55	23	24	3	5	1			0					
130	comres	28	2	2021	Yorkshire and Humber	100	41	50	5	3	1			1					
130	comres	28	2	2021	Wales	71	19	30	6		2		15	0					
130	comres	28	2	2021	West Midlands	101	50	41	4	2	3			1					
130	comres	28	2	2021	East Midlands	85	42	43	6	3	1			0					
130	comres	28	2	2021	South West England	128	66	39	16	5	3			0					
130	comres	28	2	2021	South East England	176	90	54	12	7	10			2					
130	comres	28	2	2021	Eastern	150	90	35	14	3	5			3					
130	comres	28	2	2021	London	143	48	73	11	1	9			1					
131	yougov	4	3	2021	London	206	34	44	12	2	8			1					
131	yougov	4	3	2021	Rest of South	576	51	29	7	3	9			1					
131	yougov	4	3	2021	Midlands and Wales	372	52	29	3	5	5		6	2					
131	yougov	4	3	2021	North England	413	46	40	4	2	7			0					
131	yougov	4	3	2021	Scotland	147	21	16	8	0	3	50		1					
132	survation	10	3	2021	London	107	40	45	12	3	7			1					
132	survation	10	3	2021	South	255	146	79	35	1	13			6					
132	survation	10	3	2021	Midlands	137	73	49	10	0	8			0					
132	survation	10	3	2021	North	201	89	91	8	6	13			3					
132	survation	10	3	2021	Scotland	77	20	14	8	1	1	40		0					
132	survation	10	3	2021	Wales	46	11	13	2	0	0		7	0					
133	yougov	10	3	2021	London	202	32	48	9	6	1			3					
133	yougov	10	3	2021	Rest of South	564	53	25	9	7	4			2					
133	yougov	10	3	2021	Midlands and Wales	365	42	35	4	7	4		5	2					
133	yougov	10	3	2021	North England	405	43	42	4	6	2			3					
133	yougov	10	3	2021	Scotland	144	17	17	11	3	2	46		4					
134	mori	12	3	2021	North	161	79	60	11	11	1			0					
134	mori	12	3	2021	Midlands	220	121	76	11	6	2		4	0					
134	mori	12	3	2021	Wales	0								0					
134	mori	12	3	2021	South	140	68	48	13	9				0					
134	mori	12	3	2021	London	81	13	54	4	6	4			0					
134	mori	12	3	2021	England	564	263	226	37	31	6			0					
134	mori	12	3	2021	Scotland	62	15	12	4	2		29		0					
135	opinium2	12	3	2021	North	245	39	51	3	1	3			2					
135	opinium2	12	3	2021	Midlands	174	53	40	2	2	1			2					
135	opinium2	12	3	2021	London	117	32	51	9		5			2					
135	opinium2	12	3	2021	South	337	47	31	9	3	8			2					
135	opinium2	12	3	2021	Wales	67	54	20	9				13	3					
135	opinium2	12	3	2021	Scotland	112	30	18	1	3	2	46		0					
136	yougov	19	3	2021	London	203	32	52	6	1	8			0					
136	yougov	19	3	2021	Rest of South	569	50	27	8	4	8			2					
136	yougov	19	3	2021	Midlands and Wales	367	49	34	3	5	4		3	3					
136	yougov	19	3	2021	North England	408	40	45	3	3	7			2					
136	yougov	19	3	2021	Scotland	146	26	14	3	0	5	51		0					
137	opinium2	26	3	2021	North	261	92	129	9	8	21			2					
137	opinium2	26	3	2021	Midlands	158	83	62	3	1	4			5					
137	opinium2	26	3	2021	London	123	44	62	13	3	2			0					
137	opinium2	26	3	2021	South	343	159	102	33	11	25			14					
137	opinium2	26	3	2021	Wales	56	23	16	4	0	0		11	2					
137	opinium2	26	3	2021	Scotland	111	28	18	4	2	0	60		0					
138	yougov	8	4	2021	London	205	31	53	9	1	4			1					
138	yougov	8	4	2021	Rest of South	573	48	27	7	4	10			3					
138	yougov	8	4	2021	Midlands and Wales	370	50	34	3	2	4		4	3					
138	yougov	8	4	2021	North England	411	38	42	6	4	6			5					
138	yougov	8	4	2021	Scotland	147	18	13	7	3	4	52		2					
139	opinium2	9	4	2021	North	256	108	117	8	4	8			2					
139	opinium2	9	4	2021	Midlands	180	99	66	6	4	7			6					
139	opinium2	9	4	2021	London	94	48	53	15	1	5			0					
139	opinium2	9	4	2021	South	402	169	117	28	2	20			8					
139	opinium2	9	4	2021	Wales	62	23	21	4		0		10	1					
139	opinium2	9	4	2021	Scotland	105	31	11	1		2	59		1					
140	yougov	14	4	2021	London	203	36	34	20	2	7			1					
140	yougov	14	4	2021	Rest of South	568	49	26	9	5	9			1					
140	yougov	14	4	2021	Midlands and Wales	367	53	28	2	2	7		4	3					
140	yougov	14	4	2021	North England	407	37	40	6	3	11			4					
140	yougov	14	4	2021	Scotland	145	27	15	8	2	1	46		1					
141	survation	19	4	2021	London	102	30	38	15		13			5					
141	survation	19	4	2021	South	257	116	86	29		18			8					
141	survation	19	4	2021	Midlands	134	64	48	9		9			4					
141	survation	19	4	2021	North	202	93	88	8		8			4					
141	survation	19	4	2021	Scotland	75	22	7	6		3	36		1					
141	survation	19	4	2021	Wales	39	9	16	4		1		8	1					
142	mori	22	4	2021	North	178	49	88	14	0	5			3					
142	mori	22	4	2021	Midlands	239	122	62	13	6	12		6						
142	mori	22	4	2021	Wales	0													
142	mori	22	4	2021	South	172	69	50	17	1	10			12					
142	mori	22	4	2021	London	95	16	45	7	2	4			3					
142	mori	22	4	2021	England	646	243	230	51	8	31			17					
142	mori	22	4	2021	Scotland	71	17	8	3	0	1	38		1					
143	yougov	22	4	2021	London	208	30	49	9	5	6			1					
143	yougov	22	4	2021	Rest of South	581	54	26	6	3	10			2					
143	yougov	22	4	2021	Midlands and Wales	375	51	33	3	1	6		4	1					
143	yougov	22	4	2021	North England	417	40	44	5	2	5			4					
143	yougov	22	4	2021	Scotland	149	25	20	5	3	1	46		0					
144	opinium2	23	4	2021	North	264	111	115	11	6	12			9					
144	opinium2	23	4	2021	Midlands	167	86	60	7	2	9			4					
144	opinium2	23	4	2021	London	126	42	56	14	2	7			6					
144	opinium2	23	4	2021	South	338	170	93	37	8	19			7					
144	opinium2	23	4	2021	Wales	56	30	14	0	0	3		7	1					
144	opinium2	23	4	2021	Scotland	113	30	18	1	0	3	59		3					
145	yougov	28	4	2021	London	216	34	50	5	5	5			0					
145	yougov	28	4	2021	Rest of South	606	54	26	10	7	2			1					
145	yougov	28	4	2021	Midlands and Wales	391	50	29	4	7	2		6	2					
145	yougov	28	4	2021	North England	435	35	45	4	9	5			2					
145	yougov	28	4	2021	Scotland	155	25	15	9	4		46		1					
146	survation	29	4	2021	London	107	29	52	13	10	2			1					
146	survation	29	4	2021	South	283	119	100	37	15	6			6					
146	survation	29	4	2021	Midlands	151	78	57	9	7	0								
146	survation	29	4	2021	North	208	77	103	7	17	1			2					
146	survation	29	4	2021	Scotland	90	25	14	9	1	0			1					
146	survation	29	4	2021	Wales	37	18	11	2	1	1								
147	opinium2	30	4	2021	North	243	88	132	11	8	2			3					
147	opinium2	30	4	2021	Midlands	171	88	61	6	6	4			7					
147	opinium2	30	4	2021	London	109	39	48	14	5	2			0					
147	opinium2	30	4	2021	South	367	170	109	43	24	11			8					
147	opinium2	30	4	2021	Wales	63	23	22	1	0	0		16	1					
147	opinium2	30	4	2021	Scotland	122	43	21	3	1	0	52		3					
148	yougov	5	5	2021	London	202	32	52	7	2	5			1					
148	yougov	5	5	2021	Rest of South	565	51	25	10	3	8			2					
148	yougov	5	5	2021	Midlands and Wales	365	49	32	3	4	5		4	3					
148	yougov	5	5	2021	North England	406	39	40	6	5	7			3					
148	yougov	5	5	2021	Scotland	145	23	20	4	1	5	46		1					
149	yougov	12	5	2021	London	198	29	48	12	1	8			2					
149	yougov	12	5	2021	Rest of South	553	56	19	10	1	11			2					
149	yougov	12	5	2021	Midlands and Wales	357	47	34	4	2	7		3	3					
149	yougov	12	5	2021	North England	397	43	39	5	2	9			2					
149	yougov	12	5	2021	Scotland	142	26	13	5	1	2	50		4					
150	opinium2	14	5	2021	North	255	106	103	22	2	12			10					
150	opinium2	14	5	2021	Midlands	170	106	44	5	1	12			3					
150	opinium2	14	5	2021	London	123	39	51	16	3	11			4					
150	opinium2	14	5	2021	South	350	172	96	32	10	32			6					
150	opinium2	14	5	2021	Wales	68	24	25	4	0	1		11	4					
150	opinium2	14	5	2021	Scotland	125	36	21	4	1	3	58		2					
151	yougov	20	5	2021	London	204	36	40	11	1	11			1					
151	yougov	20	5	2021	Rest of South	571	56	20	10	2	11			1					
151	yougov	20	5	2021	Midlands and Wales	369	51	30	6	3	5		3	2					
151	yougov	20	5	2021	North England	409	43	38	5	4	8			2					
151	yougov	20	5	2021	Scotland	146	20	15	5	2	7	51		0					
152	survation	26	5	2021	London	104	47	31	12	2	9			3					
152	survation	26	5	2021	South	281	155	73	30	3	17			2					
152	survation	26	5	2021	Midlands	138	63	63	5		7			0					
152	survation	26	5	2021	North	191	84	79	13		14			0					
152	survation	26	5	2021	Scotland	79	14	14	13	0	6	31		1					
152	survation	26	5	2021	Wales	44	15	21	0	1	2		4	1					
153	survation	28	5	2021	London	104	34	51	13		5			1					
153	survation	28	5	2021	Midlands	126	69	40	7		9			0					
153	survation	28	5	2021	North	199	78	90	18	2	9			2					
153	survation	28	5	2021	South	263	147	69	26	3	16			2					
153	survation	28	5	2021	Scotland	84	16	12	13	1	1	39		1					
153	survation	28	5	2021	Wales	42	12	14	4	2	1		7	1					
154	yougov	28	5	2021	London	205	35	40	9	3	9			3					
154	yougov	28	5	2021	Rest of South	573	53	18	13	3	10			2					
154	yougov	28	5	2021	Midlands and Wales	370	48	34	5	3	8		3	0					
154	yougov	28	5	2021	North England	411	39	41	5	4	9			2					
154	yougov	28	5	2021	Scotland	147	23	12	6	0	2	55		2					
155	opinium2	28	5	2021	North	262	100	128	13	5	12			1					
155	opinium2	28	5	2021	Midlands	160	75	59	9	4	8			2					
155	opinium2	28	5	2021	London	118	35	57	13	0	3			8					
155	opinium2	28	5	2021	South	345	169	101	30	5	25			7					
155	opinium2	28	5	2021	Wales	66	30	23	0	0	0		11	1					
155	opinium2	28	5	2021	Scotland	108	37	13	1	0	3	55		1					
156	survation	2	6	2021	London	152	56	68	14	1	11			2					
156	survation	2	6	2021	South	416	202	128	46	3	35			3					
156	survation	2	6	2021	Midlands	192	95	77	7	1	10			2					
156	survation	2	6	2021	North	299	139	109	23	9	15			4					
156	survation	2	6	2021	Scotland	122	21	24	17	1	5	54		1					
156	survation	2	6	2021	Wales	56	18	19	6	2	0		11	1					
157	mori	3	6	2021	North	141	68	56	5	0	12			1					
157	mori	3	6	2021	Midlands	197	106	66	11	2	6		3	1					
157	mori	3	6	2021	Wales	0													
157	mori	3	6	2021	South	130	54	45	15	1	12			0					
157	mori	3	6	2021	London	82	22	35	5	0	9			1					
157	mori	3	6	2021	England	504	241	178	36	3	39			2					
157	mori	3	6	2021	Scotland	61	14	7	3		4	32		1					
158	yougov	3	6	2021	London	204	34	42	7	4	12			1					
158	yougov	3	6	2021	Rest of South	572	54	24	10	2	9			3					
158	yougov	3	6	2021	Midlands and Wales	370	47	29	4	4	9		4	2					
158	yougov	3	6	2021	North England	410	47	38	4	1	8			2					
158	yougov	3	6	2021	Scotland	146	24	20	3		6	41		3					
159	survation	10	6	2021	London	233	73	107	26	1	9			1					
159	survation	10	6	2021	South	620	291	148	54	5	34			6					
159	survation	10	6	2021	Midlands	291	111	104	19	3	13			3					
159	survation	10	6	2021	North	422	167	158	24	2	16			2					
159	survation	10	6	2021	Scotland	170	29	34	30	1	2	67		1					
159	survation	10	6	2021	Wales	91	32	29	1	2	3		10	2					
160	yougov	10	6	2021	London	196	30	46	7	3	10			4					
160	yougov	10	6	2021	Rest of South	548	51	24	9	2	12			1					
160	yougov	10	6	2021	Midlands and Wales	354	49	29	7	3	7		4	1					
160	yougov	10	6	2021	North England	393	44	39	3	2	10			3					
160	yougov	10	6	2021	Scotland	140	26	23	4	1	3	44		1					
161	opinium2	10	6	2021	North	256	86	132	11	4	19			4					
161	opinium2	10	6	2021	Midlands	173	94	52	6	3	16			3					
161	opinium2	10	6	2021	London	136	46	58	10	5	11			5					
161	opinium2	10	6	2021	South	348	170	100	32	9	26			10					
161	opinium2	10	6	2021	Wales	63	34	13	2	1	1		11	0					
161	opinium2	10	6	2021	Scotland	113	34	12	5	0	1	60		1					
162	survation	15	6	2021	London	217	106	71	20	2	18			1					
162	survation	15	6	2021	South	528	255	159	54	7	47			6					
162	survation	15	6	2021	Midlands	262	114	93	24	4	23			4					
162	survation	15	6	2021	North	392	153	181	21	7	24			6					
162	survation	15	6	2021	Scotland	167	43	23	17	2	7	72		2					
162	survation	15	6	2021	Wales	85	28	31	1	4	1		16	4					
163	yougov	17	6	2021	London	197	33	39	10	1	16			1					
163	yougov	17	6	2021	Rest of South	552	53	25	9	5	6			1					
163	yougov	17	6	2021	Midlands and Wales	356	48	32	3	5	6		4	2					
163	yougov	17	6	2021	North England	396	43	43	3	3	5			3					
163	yougov	17	6	2021	Scotland	141	27	15	4	1	2	48		3					
164	yougov	24	6	2021	London	211	33	43	14	3	7			1					
164	yougov	24	6	2021	Rest of South	591	51	22	14	3	8			2					
164	yougov	24	6	2021	Midlands and Wales	381	46	29	5	4	8		5	3					
164	yougov	24	6	2021	North England	424	39	40	5	6	7			1					
164	yougov	24	6	2021	Scotland	151	21	22	6	0	4	46		1					
165	opinium2	25	6	2021	North	240	91	122	15		17			9					
165	opinium2	25	6	2021	Midlands	171	97	80	13		13			5					
165	opinium2	25	6	2021	London	102	35	41	10		3			2					
165	opinium2	25	6	2021	South	339	200	122	46		23			20					
165	opinium2	25	6	2021	Wales	59	24	15	1		1		14	2					
165	opinium2	25	6	2021	Scotland	109	28	19	4		2	68		3					
166	survation	15	6	2021	London	106	46	39	15		4			3					
166	survation	15	6	2021	South	277	140	76	44		11			6					
166	survation	15	6	2021	Midlands	121	54	48	8		10			2					
166	survation	15	6	2021	North	189	72	91	14		10			1					
166	survation	15	6	2021	Scotland	74	17	21	5		3	28		0					
166	survation	15	6	2021	Wales	39	14	17	0		1		7	0					
167	yougov	30	6	2021	London	211	24	48	12	4	6			5					
167	yougov	30	6	2021	Rest of South	592	52	22	15	4	7			1					
167	yougov	30	6	2021	Midlands and Wales	382	49	31	5	2	8		4	1					
167	yougov	30	6	2021	North England	425	41	41	9	3	5			1					
167	yougov	30	6	2021	Scotland	152	24	22	4	0	2	43		3					
168	yougov	8	7	2021	London	246	30	43	16	2	7			2					
168	yougov	8	7	2021	Rest of South	690	49	24	12	3	9			3					
168	yougov	8	7	2021	Midlands and Wales	446	47	28	5	2	11		3	3					
168	yougov	8	7	2021	North England	495	44	39	7	2	4			4					
168	yougov	8	7	2021	Scotland	177	16	20	8	1	5	47		4					
169	opinium2	9	7	2021	North	249	106	107	11		17			9					
169	opinium2	9	7	2021	Midlands	175	103	56	5		5			5					
169	opinium2	9	7	2021	London	123	39	64	9		9			1					
169	opinium2	9	7	2021	South	324	149	104	32		29			9					
169	opinium2	9	7	2021	Wales	61	15	24	3		0		17	2					
169	opinium2	9	7	2021	Scotland	97	27	8	2		2	56		2					
170	survation	13	7	2021	London	224	100	73	25		25			1					
170	survation	13	7	2021	South	535	262	172	59		35			7					
170	survation	13	7	2021	Midlands	262	133	93	14		12			10					
170	survation	13	7	2021	North	410	170	171	34		23			12					
170	survation	13	7	2021	Scotland	171	43	27	13		6	78		3					
170	survation	13	7	2021	Wales	76	27	21	5		3		16	4					
171	yougov	16	7	2021	London	211	29	47	15	2	7			0					
171	yougov	16	7	2021	Rest of South	592	54	23	10	2	8			2					
171	yougov	16	7	2021	Midlands and Wales	382	49	30	6	3	5		3	3					
171	yougov	16	7	2021	North England	424	42	40	4	5	5			2					
171	yougov	16	7	2021	Scotland	151	27	15	7	2	4	43		1					
172	survation	20	7	2021	London	106	27	56	11		8			2					
172	survation	20	7	2021	South	268	112	87	46		15			9					
172	survation	20	7	2021	Midlands	137	67	48	11		10			2					
172	survation	20	7	2021	North	197	91	81	17		8			1					
172	survation	20	7	2021	Scotland	84	22	18	4		4	37		0					
172	survation	20	7	2021	Wales	44	15	18	2		1		8	1					
173	yougov	21	7	2021	London	200	31	45	9	2	13			1					
173	yougov	21	7	2021	Rest of South	560	44	30	13	4	8			2					
173	yougov	21	7	2021	Midlands and Wales	362	41	33	7	4	7		5	2					
173	yougov	21	7	2021	North England	402	37	44	6	3	7			2					
173	yougov	21	7	2021	Scotland	143	21	19	5	1	4	46		3					
174	opinium2	23	7	2021	North	248	85	122	24		10			7					
174	opinium2	23	7	2021	Midlands	168	91	54	7		7			10					
174	opinium2	23	7	2021	London	124	37	69	6		8			4					
174	opinium2	23	7	2021	South	334	173	95	35		20			10					
174	opinium2	23	7	2021	Wales	58	23	18	5		1		11	0					
174	opinium2	23	7	2021	Scotland	100	33	7	4		2	50		4					
175	survation	23	7	2021	London	110	34	56	15		6			0					
175	survation	23	7	2021	South	258	116	81	35		20			6					
175	survation	23	7	2021	Midlands	130	60	46	17		6			1					
175	survation	23	7	2021	North	214	91	98	16		7			1					
175	survation	23	7	2021	Scotland	74	16	17	3		2	37		8					
175	survation	23	7	2021	Wales	43	13	19	1		3		7	0					
176	yougov	29	7	2021	London	200	30	50	9	1	8			3					
176	yougov	29	7	2021	Rest of South	560	47	25	13	3	10			1					
176	yougov	29	7	2021	Midlands and Wales	362	41	38	4	2	10		3	2					
176	yougov	29	7	2021	North England	402	39	43	5	4	6			1					
176	yougov	29	7	2021	Scotland	143	24	17	4	1	8	42		4					
177	yougov	6	8	2021	London	200	32	47	11	0	9			2					
177	yougov	6	8	2021	Rest of South	560	48	24	12	3	9			3					
177	yougov	6	8	2021	Midlands and Wales	362	47	33	5	2	7		4	2					
177	yougov	6	8	2021	North England	402	35	45	6	4	5			3					
177	yougov	6	8	2021	Scotland	143	24	17	6	2	5	46		1					
178	opinium2	6	8	2021	North	235	87	112	17		11			9					
178	opinium2	6	8	2021	Midlands	175	88	61	7		11			7					
178	opinium2	6	8	2021	London	124	51	56	9		6			2					
178	opinium2	6	8	2021	South	340	162	95	36		25			22					
178	opinium2	6	8	2021	Wales	57	17	23	5		1	58		1					
178	opinium2	6	8	2021	Scotland	98	22	14	2				10	0					
179	mori	9	8	2021	North	155	62	65	7		22			0					
179	mori	9	8	2021	Midlands	199	93	53	29	2	12		6	4					
179	mori	9	8	2021	Wales	0													
179	mori	9	8	2021	South	163	78	40	33	1	9			1					
179	mori	9	8	2021	London	92	35	35	12	4	6			0					
179	mori	9	8	2021	England	577	259	178	78	4	49			5					
179	mori	9	8	2021	Scotland	78	12	10	6		4	42		3					
180	yougov	12	8	2021	London	200	29	48	13	2	7			1					
180	yougov	12	8	2021	Rest of South	560	49	26	12	3	7			4					
180	yougov	12	8	2021	Midlands and Wales	362	47	30	7	1	9		5	1					
180	yougov	12	8	2021	North England	402	36	43	7	3	7			3					
180	yougov	12	8	2021	Scotland	143	22	10	7	0	6	52		3					
181	yougov	18	8	2021	London	204	30	47	7	4	8			1					
181	yougov	18	8	2021	Rest of South	572	47	25	12	3	10			3					
181	yougov	18	8	2021	Midlands and Wales	370	43	37	9	3	4		2	2					
181	yougov	18	8	2021	North England	410	40	37	8	3	10			3					
181	yougov	18	8	2021	Scotland	146	22	15	5		3	53		1					
182	opinium2	20	8	2021	North	254	90	106	27		18			15					
182	opinium2	20	8	2021	Midlands	160	78	55	9		11			7					
182	opinium2	20	8	2021	London	113	36	66	2		7			1					
182	opinium2	20	8	2021	South	332	147	100	41		26			18					
182	opinium2	20	8	2021	Wales	54	21	20	2		1		6	3					
182	opinium2	20	8	2021	Scotland	108	29	18	2		2	56		0					
183	yougov	26	8	2021	London	210	22	42	14	3	16			3					
183	yougov	26	8	2021	Rest of South	589	51	21	12	2	10			3					
183	yougov	26	8	2021	Midlands and Wales	381	40	35	5	6	7		3	4					
183	yougov	26	8	2021	North England	423	37	42	4	6	8			3					
183	yougov	26	8	2021	Scotland	151	27	11	6	1	1	50		3					
184	yougov	16	9	2021	London	196	28	48	10	6	3			3					
184	yougov	16	9	2021	Rest of South	549	47	26	11	9	4			2					
184	yougov	16	9	2021	Midlands and Wales	355	45	33	5	8	3		4	1					
184	yougov	16	9	2021	North England	394	34	48	6	6	3			3					
184	yougov	16	9	2021	Scotland	141	23	18	2	1		54		2					
185	yougov	23	9	2021	London	203	31	48	9	5	4			3					
185	yougov	23	9	2021	Rest of South	568	46	23	16	10	4			1					
185	yougov	23	9	2021	Midlands and Wales	367	41	31	7	9	4		4	3					
185	yougov	23	9	2021	North England	407	37	42	8	8	4			2					
185	yougov	23	9	2021	Scotland	145	25	18	4	9	3	45							
186	yougov	29	9	2021	London	220	28	43	11	7	5			5					
186	yougov	29	9	2021	Rest of South	616	47	26	11	11	4			0					
186	yougov	29	9	2021	Midlands and Wales	396	41	32	5	9	6		7	1					
186	yougov	29	9	2021	North England	442	36	38	5	8	5			5					
186	yougov	29	9	2021	Scotland	158	25	20	4	2	1	48		1					
187	yougov	6	10	2021	London	200	28	43	11	7	9			2					
187	yougov	6	10	2021	Rest of South	560	45	25	15	3	9			3					
187	yougov	6	10	2021	Midlands and Wales	362	48	29	4	3	9		3	2					
187	yougov	6	10	2021	North England	402	37	39	5	4	11			4					
187	yougov	6	10	2021	Scotland	143	12	20	8	2	1	55		1					
188	yougov	13	10	2021	London	199	31	44	16	2	6			1					
188	yougov	13	10	2021	Rest of South	557	48	25	11	6	8			1					
188	yougov	13	10	2021	Midlands and Wales	360	43	31	8	6	8		3	2					
188	yougov	13	10	2021	North England	400	38	40	4	2	11			5					
188	yougov	13	10	2021	Scotland	143	30	14	4		6	41		2					
189	opinium2	13	10	2021	North	229	86	110	14		7			12					
189	opinium2	13	10	2021	Midlands	175	90	56	10		11			8					
189	opinium2	13	10	2021	London	114	37	62	8		5			3					
189	opinium2	13	10	2021	South	333	153	108	30		25			17					
189	opinium2	13	10	2021	Wales	59	18	20	5		1		13	1					
189	opinium2	13	10	2021	Scotland	97	25	14	1		1	51		6					
190	yougov	21	10	2021	London	201	25	48	16	1	10			1					
190	yougov	21	10	2021	Rest of South	563	46	24	13	3	11			2					
190	yougov	21	10	2021	Midlands and Wales	364	40	33	4	7	12		3	2					
190	yougov	21	10	2021	North England	404	35	44	5	5	9			1					
190	yougov	21	10	2021	Scotland	144	24	16	9	1	7	44							
191	opinium2	25	10	2021	North	319	124	132	19		27			17					
191	opinium2	25	10	2021	Midlands	212	101	76	11		13			11					
191	opinium2	25	10	2021	London	154	41	78	14		13			8					
191	opinium2	25	10	2021	South	426	194	130	54		28			21					
191	opinium2	25	10	2021	Wales	72	27	23	5		5		10	2					
191	opinium2	25	10	2021	Scotland	121	37	13	1		0	63		6					
192	yougov	28	10	2021	London	204	27	43	12	2	14			2					
192	yougov	28	10	2021	Rest of South	571	47	27	10	4	10			1					
192	yougov	28	10	2021	Midlands and Wales	369	44	35	6	1	10		3	2					
192	yougov	28	10	2021	North England	409	36	39	6	4	11			4					
192	yougov	28	10	2021	Scotland	146	19	20	5	2	5	46		2					
193	yougov	4	11	2021	London	204	28	44	9	4	14			0					
193	yougov	4	11	2021	Rest of South	571	42	30	10	7	9			2					
193	yougov	4	11	2021	Midlands and Wales	369	41	38	6	3	7		2	3					
193	yougov	4	11	2021	North England	409	34	43	6	5	10			2					
193	yougov	4	11	2021	Scotland	146	20	17	9	4	2	46		2					
194	yougov	11	11	2021	London	204	24	54	9	5	6			2					
194	yougov	11	11	2021	Rest of South	570	43	27	13	3	12			2					
194	yougov	11	11	2021	Midlands and Wales	368	41	34	5	4	9		1	3					
194	yougov	11	11	2021	North England	409	30	46	6	5	11			3					
194	yougov	11	11	2021	Scotland	146	20	15	7	2	3	48		2					
195	opinium2	12	11	2021	North	318	108	143	27		17			23					
195	opinium2	12	11	2021	Midlands	212	96	77	12		16			11					
195	opinium2	12	11	2021	London	144	44	68	15		10			7					
195	opinium2	12	11	2021	South	393	155	130	51		37			20					
195	opinium2	12	11	2021	Wales	59	16	24	3		4		11	2					
195	opinium2	12	11	2021	Scotland	109	28	14	4		2	59		2					
196	comres	12	11	2021	Scotland	135	26	30	15	3	2	60							
196	comres	12	11	2021	North West England	142	42	83	7	1	8			1					
196	comres	12	11	2021	North East England	57	16	34	3	2	1								
196	comres	12	11	2021	Yorkshire and Humber	109	19	49	11	9	8			3					
196	comres	12	11	2021	Wales	62	17	26	5	4	1		9						
196	comres	12	11	2021	West Midlands	112	47	46	14	0	5			1					
196	comres	12	11	2021	East Midlands	88	36	39	6	2	5								
196	comres	12	11	2021	South West England	112	47	43	15	2	3			2					
196	comres	12	11	2021	South East England	176	82	54	25	3	9			2					
196	comres	12	11	2021	Eastern	122	60	35	12	4	11			0					
196	comres	12	11	2021	London	150	41	79	20	4	6			1					
197	survation	15	11	2021	London	413	153	147	69	15	26			2					
197	survation	15	11	2021	South	1019	489	320	111	23	48			15					
197	survation	15	11	2021	Midlands	493	206	209	35	7	25			4					
197	survation	15	11	2021	North	760	260	389	48	15	27			7					
197	survation	15	11	2021	Scotland	294	48	55	43	1	1	146							
197	survation	15	11	2021	Wales	156	47	62	13	2	3		26	1					
198	yougov	18	11	2021	London	216	23	47	7	4	14			5					
198	yougov	18	11	2021	Rest of South	605	43	28	10	6	9			3					
198	yougov	18	11	2021	Midlands and Wales	391	43	30	3	6	11		4	2					
198	yougov	18	11	2021	North England	434	29	47	6	3	12			3					
198	yougov	18	11	2021	Scotland	155	24	16	9	1	5	40		4					
199	yougov	25	11	2021	London	203	28	46	10	4	8			3					
199	yougov	25	11	2021	Rest of South	569	45	30	8	5	9			3					
199	yougov	25	11	2021	Midlands and Wales	367	35	38	4	9	7		5	1					
199	yougov	25	11	2021	North England	408	35	42	5	7	9			2					
199	yougov	25	11	2021	Scotland	146	21	16	5	2	5	50		2					
200	opinium2	26	11	2021	North	326	111	153	23		18			21					
200	opinium2	26	11	2021	Midlands	192	88	69	12		7			17					
200	opinium2	26	11	2021	London	157	34	73	25		15			11					
200	opinium2	26	11	2021	South	419	163	151	41		30			34					
200	opinium2	26	11	2021	Wales	69	24	21	2		2		15	5					
200	opinium2	26	11	2021	Scotland	132	41	21	3		4	59		5					
201	yougov	2	12	2021	London	205	27	36	15	6	12			3					
201	yougov	2	12	2021	Rest of South	574	41	29	13	6	9			1					
201	yougov	2	12	2021	Midlands and Wales	371	41	35	5	3	8		6	1					
201	yougov	2	12	2021	North England	412	33	42	6	8	10			1					
201	yougov	2	12	2021	Scotland	147	22	19	7	2	5	43		2					
